PROYECTO,TAREA,TIEMPO_INICIAL,TIEMPO_FINAL
SCIENCELUXE,VIDEO,2025-06-09 16:25:18,2025-06-09 16:44:20
SCIENCELUXE,SCRIPT,2025-06-09 15:37:29,2025-06-09 16:06:04
SCIENCELUXE,SCRIPT,2025-06-09 14:29:24,2025-06-09 14:56:59
SCIENCELUXE,VIDEO,2025-06-09 14:02:47,2025-06-09 14:14:18
SCIENCELUXE,VIDEO,2025-06-09 13:30:17,2025-06-09 13:58:50
OTROS,MMC,2025-06-09 12:09:29,2025-06-09 12:39:30
OTROS,MMC,2025-06-09 11:38:45,2025-06-09 12:05:30
OTROS,MMC,2025-06-09 10:53:38,2025-06-09 11:23:38
SCIENCELUXE,VIDEO,2025-06-09 09:57:10,2025-06-09 10:06:41
OTROS,MMC,2025-06-08 21:16:11,2025-06-08 21:46:12
SCIENCELUXE,VIDEO,2025-06-08 21:15:55,2025-06-08 21:15:56
SCIENCELUXE,VIDEO,2025-06-08 10:13:58,2025-06-08 10:43:59
SCIENCELUXE,VIDEO,2025-06-07 22:17:18,2025-06-07 22:40:28
SCIENCELUXE,VIDEO,2025-06-07 21:35:58,2025-06-07 21:57:17
SCIENCELUXE,VIDEO,2025-06-07 16:54:51,2025-06-07 16:56:18
SCIENCELUXE,VIDEO,2025-06-07 16:13:36,2025-06-07 16:43:37
SCIELUXE,WEBSITE,2025-06-07 11:00:47,2025-06-07 11:14:30
SCIELUXE,WEBSITE,2025-06-07 10:38:40,2025-06-07 10:58:40
SCIELUXE,WEBSITE,2025-06-05 16:07:01,2025-06-05 16:29:08
SCIELUXE,WEBSITE,2025-06-05 15:31:51,2025-06-05 16:01:52
OTROS,ORGANIZACION,2025-06-05 14:40:12,2025-06-05 14:47:36
SCIENCELUXE,VIDEO,2025-06-05 12:56:10,2025-06-05 13:23:45
SCIENCELUXE,VIDEO,2025-06-05 12:33:34,2025-06-05 12:41:21
OTROS,MMC,2025-06-05 11:51:22,2025-06-05 12:20:39
OTROS,MMC,2025-06-05 11:19:59,2025-06-05 11:50:00
OTROS,MMC,2025-06-05 11:02:18,2025-06-05 11:19:03
SCIENCELUXE,VIDEO,2025-06-05 10:44:43,2025-06-05 11:01:50
SCIENCELUXE,VIDEO,2025-06-05 10:14:37,2025-06-05 10:44:37
SCIELUXE,WEBSITE,2025-06-04 22:27:10,2025-06-04 22:57:10
SCIELUXE,WEBSITE,2025-06-04 21:53:10,2025-06-04 22:23:11
SCIELUXE,WEBSITE,2025-06-04 21:18:38,2025-06-04 21:48:38
SCIELUXE,WEBSITE,2025-06-04 16:39:13,2025-06-04 17:09:14
SCIELUXE,WEBSITE,2025-06-03 23:34:33,2025-06-04 00:02:58
SCIELUXE,WEBSITE,2025-06-03 23:18:12,2025-06-03 23:23:27
SCIELUXE,WEBSITE,2025-06-03 22:30:26,2025-06-03 23:00:26
SCIELUXE,WEBSITE,2025-06-03 22:11:28,2025-06-03 22:11:44
SCIELUXE,WEBSITE,2025-06-03 14:04:56,2025-06-03 14:34:57
SCIELUXE,WEBSITE,2025-06-03 13:34:48,2025-06-03 14:04:48
SCIELUXE,WEBSITE,2025-06-03 13:04:37,2025-06-03 13:34:38
SCIENCELUXE,VIDEO,2025-06-03 12:40:00,2025-06-03 12:52:59
SCIENCELUXE,VIDEO,2025-06-03 12:03:52,2025-06-03 12:33:17
SCIENCELUXE,VIDEO,2025-06-03 11:33:45,2025-06-03 12:03:45
SCIENCELUXE,VIDEO,2025-06-03 10:51:43,2025-06-03 11:19:33
SCIELUXE,WEBSITE,2025-06-02 22:07:42,2025-06-02 22:26:01
SCIELUXE,WEBSITE,2025-06-02 21:38:36,2025-06-02 21:58:36
SCIELUXE,WEBSITE,2025-06-02 21:09:48,2025-06-02 21:29:03
SCIELUXE,WEBSITE,2025-06-02 20:41:29,2025-06-02 21:01:30
SCIELUXE,WEBSITE,2025-06-02 20:21:52,2025-06-02 20:41:25
OTROS,ORGANIZACION,2025-06-02 20:17:12,2025-06-02 20:21:46
OTROS,MMC,2025-06-02 13:15:18,2025-06-02 13:35:19
OTROS,MMC,2025-06-02 12:52:32,2025-06-02 13:12:32
OTROS,MMC,2025-06-02 12:25:51,2025-06-02 12:45:51
OTROS,MMC,2025-06-02 11:10:37,2025-06-02 11:20:08
OTROS,MMC,2025-06-02 10:46:15,2025-06-02 11:06:16
OTROS,MMC,2025-06-02 10:26:08,2025-06-02 10:46:09
SCIELUXE,WEBSITE,2025-06-01 22:32:44,2025-06-01 22:52:44
SCIELUXE,WEBSITE,2025-06-01 21:59:11,2025-06-01 22:19:12
SCIELUXE,WEBSITE,2025-06-01 20:40:22,2025-06-01 20:58:15
SCIENCELUXE,SCRIPT,2025-06-01 20:04:29,2025-06-01 20:24:07
SCIENCELUXE,SCRIPT,2025-06-01 19:41:45,2025-06-01 20:01:46
SCIENCELUXE,SCRIPT,2025-06-01 19:23:04,2025-06-01 19:36:38
SCIENCELUXE,PROCESS,2025-06-01 14:58:30,2025-06-01 15:15:07
SCIENCELUXE,PROCESS,2025-06-01 14:28:21,2025-06-01 14:45:28
OTROS,ORGANIZACION,2025-06-01 13:54:17,2025-06-01 14:23:50
OTROS,ORGANIZACION,2025-06-01 12:11:35,2025-06-01 12:41:35
SCIELUXE,WEBSITE,2025-05-30 22:34:13,2025-05-30 23:04:13
SCIELUXE,WEBSITE,2025-05-30 21:46:16,2025-05-30 22:15:31
SCIELUXE,WEBSITE,2025-05-30 21:17:07,2025-05-30 21:43:58
SCIENCELUXE,VIDEO,2025-05-29 13:44:13,2025-05-29 14:03:30
SCIENCELUXE,VIDEO,2025-05-29 13:17:37,2025-05-29 13:37:38
SCIENCELUXE,VIDEO,2025-05-29 12:57:30,2025-05-29 13:17:30
SCIENCELUXE,VIDEO,2025-05-29 12:37:23,2025-05-29 12:57:24
SCIENCELUXE,PROCESS,2025-05-29 12:09:33,2025-05-29 12:21:19
SCIENCELUXE,PROCESS,2025-05-29 11:49:28,2025-05-29 12:09:21
SCIENCELUXE,PROCESS,2025-05-29 11:29:11,2025-05-29 11:49:11
SCIENCELUXE,VIDEO,2025-05-28 16:53:36,2025-05-28 17:22:57
SCIENCELUXE,VIDEO,2025-05-28 15:48:48,2025-05-28 16:18:49
OTROS,MMC,2025-05-27 23:35:35,2025-05-28 00:05:35
OTROS,MMC,2025-05-27 22:57:35,2025-05-27 23:19:30
OTROS,MMC,2025-05-27 20:38:37,2025-05-27 21:01:02
SCIENCELUXE,VIDEO,2025-05-27 17:29:19,2025-05-27 17:41:59
SCIELUXE,WEBSITE,2025-05-27 16:38:29,2025-05-27 17:08:29
SCIENCELUXE,VIDEO,2025-05-27 14:59:36,2025-05-27 15:29:37
SCIENCELUXE,VIDEO,2025-05-27 13:40:39,2025-05-27 14:07:11
SCIENCELUXE,VIDEO,2025-05-27 12:26:48,2025-05-27 12:48:46
SCIENCELUXE,VIDEO,2025-05-27 11:45:05,2025-05-27 12:15:05
SCIENCELUXE,VIDEO,2025-05-27 10:45:26,2025-05-27 11:14:03
SCIELUXE,WEBSITE,2025-05-26 14:02:22,2025-05-26 14:32:23
SCIELUXE,WEBSITE,2025-05-26 13:29:46,2025-05-26 13:59:46
SCIELUXE,WEBSITE,2025-05-26 12:55:18,2025-05-26 13:24:10
SCIELUXE,WEBSITE,2025-05-26 12:44:17,2025-05-26 12:45:32
SCIENCELUXE,VIDEO,2025-05-26 12:06:34,2025-05-26 12:26:53
SCIENCELUXE,VIDEO,2025-05-26 11:12:59,2025-05-26 11:20:32
SCIENCELUXE,VIDEO,2025-05-26 10:37:41,2025-05-26 10:53:19
OTROS,ORGANIZACION,2025-05-26 10:16:33,2025-05-26 10:36:33
SCIENCELUXE,VIDEO,2025-05-24 19:31:25,2025-05-24 20:01:26
SCIENCELUXE,VIDEO,2025-05-24 18:58:48,2025-05-24 19:28:48
SCIELUXE,WEBSITE,2025-05-24 16:30:00,2025-05-24 16:38:37
SCIENCELUXE,VIDEO,2025-05-24 13:05:16,2025-05-24 13:35:17
SCIENCELUXE,VIDEO,2025-05-24 12:30:35,2025-05-24 12:50:07
SCIENCELUXE,PROCESS,2025-05-23 20:43:32,2025-05-23 21:13:32
SCIELUXE,WEBSITE,2025-05-23 11:31:07,2025-05-23 12:01:07
SCIELUXE,WEBSITE,2025-05-23 10:42:31,2025-05-23 11:12:31
SCIELUXE,WEBSITE,2025-05-23 10:12:22,2025-05-23 10:42:23
SCIELUXE,WEBSITE,2025-05-22 18:22:17,2025-05-22 18:22:17
SCIELUXE,WEBSITE,2025-05-22 17:52:03,2025-05-22 18:22:04
SCIENCELUXE,VIDEO,2025-05-22 13:37:34,2025-05-22 13:57:35
SCIENCELUXE,VIDEO,2025-05-22 13:17:34,2025-05-22 13:27:22
SCIENCELUXE,VIDEO,2025-05-22 12:39:44,2025-05-22 12:58:37
SCIENCELUXE,VIDEO,2025-05-22 12:09:37,2025-05-22 12:29:38
SCIENCELUXE,VIDEO,2025-05-22 11:41:12,2025-05-22 12:01:13
OTROS,MMC,2025-05-22 10:43:42,2025-05-22 10:58:27
OTROS,MMC,2025-05-22 10:16:01,2025-05-22 10:35:41
SCIENCELUXE,VIDEO,2025-05-21 09:08:17,2025-05-21 09:37:30
OTROS,MMC,2025-05-20 20:41:22,2025-05-20 21:01:22
OTROS,MMC,2025-05-20 20:21:11,2025-05-20 20:41:12
OTROS,MMC,2025-05-20 20:00:44,2025-05-20 20:20:45
OTROS,MMC,2025-05-20 13:43:54,2025-05-20 13:56:37
OTROS,MMC,2025-05-20 13:23:06,2025-05-20 13:34:58
OTROS,MMC,2025-05-20 12:41:32,2025-05-20 12:43:09
OTROS,MMC,2025-05-20 12:13:45,2025-05-20 12:33:46
OTROS,MMC,2025-05-20 11:40:33,2025-05-20 11:46:52
OTROS,MMC,2025-05-20 10:58:24,2025-05-20 11:18:25
OTROS,ORGANIZACION,2025-05-20 10:54:23,2025-05-20 10:58:16
SCIENCELUXE,PROCESS,2025-05-19 19:34:17,2025-05-19 19:53:33
SCIENCELUXE,PROCESS,2025-05-19 19:24:56,2025-05-19 19:30:03
SCIENCELUXE,PROCESS,2025-05-19 18:58:42,2025-05-19 19:18:43
SCIENCELUXE,PROCESS,2025-05-19 18:36:07,2025-05-19 18:56:07
OTROS,ORGANIZACION,2025-05-19 16:54:33,2025-05-19 17:02:53
OTROS,ORGANIZACION,2025-05-19 15:58:07,2025-05-19 16:18:07
OTROS,ORGANIZACION,2025-05-19 15:37:58,2025-05-19 15:57:59
SCIENCELUXE,VIDEO,2025-05-19 13:46:01,2025-05-19 13:53:27
SCIENCELUXE,VIDEO,2025-05-19 13:16:04,2025-05-19 13:45:55
OTROS,MMC,2025-05-19 11:54:51,2025-05-19 12:24:52
OTROS,MMC,2025-05-19 11:46:48,2025-05-19 11:49:30
SCIENCELUXE,VIDEO,2025-05-18 11:47:22,2025-05-18 12:15:47
SCIENCELUXE,VIDEO,2025-05-18 11:37:30,2025-05-18 11:43:32
SCIENCELUXE,VIDEO,2025-05-18 11:09:15,2025-05-18 11:22:26
SCIENCELUXE,VIDEO,2025-05-18 10:21:00,2025-05-18 10:40:00
SCIENCELUXE,VIDEO,2025-05-17 17:41:59,2025-05-17 18:01:23
SCIENCELUXE,VIDEO,2025-05-16 20:27:32,2025-05-16 20:47:26
SCIENCELUXE,VIDEO,2025-05-16 20:04:23,2025-05-16 20:24:23
OTROS,ORGANIZACION,2025-05-16 11:25:43,2025-05-16 11:45:44
OTROS,ORGANIZACION,2025-05-16 11:05:33,2025-05-16 11:25:34
OTROS,ORGANIZACION,2025-05-16 10:45:08,2025-05-16 11:01:41
OTROS,ORGANIZACION,2025-05-16 10:14:42,2025-05-16 10:34:42
OTROS,ORGANIZACION,2025-05-16 09:30:37,2025-05-16 09:49:56
OTROS,ORGANIZACION,2025-05-16 09:10:32,2025-05-16 09:30:32
OTROS,ORGANIZACION,2025-05-16 08:49:43,2025-05-16 09:06:24
OTROS,MMC,2025-05-15 20:13:43,2025-05-15 20:33:44
OTROS,MMC,2025-05-15 13:18:46,2025-05-15 13:33:17
OTROS,MMC,2025-05-15 12:46:25,2025-05-15 13:06:26
OTROS,MMC,2025-05-15 12:08:49,2025-05-15 12:27:15
SCIENCELUXE,VIDEO,2025-05-14 19:18:52,2025-05-14 19:48:52
SCIENCELUXE,VIDEO,2025-05-14 18:18:30,2025-05-14 18:45:07
SCIENCELUXE,VIDEO,2025-05-14 17:45:35,2025-05-14 18:09:27
SCIENCELUXE,VIDEO,2025-05-13 21:40:57,2025-05-13 21:54:23
SCIENCELUXE,PROCESS,2025-05-13 20:45:00,2025-05-13 21:04:25
SCIENCELUXE,PROCESS,2025-05-13 20:26:30,2025-05-13 20:44:57
OTROS,MMC,2025-05-12 22:11:00,2025-05-12 22:17:21
OTROS,MMC,2025-05-12 21:54:10,2025-05-12 22:04:55
OTROS,MMC,2025-05-12 20:49:20,2025-05-12 20:55:14
OTROS,MMC,2025-05-12 20:19:08,2025-05-12 20:49:09
OTROS,MMC,2025-05-12 19:29:52,2025-05-12 19:53:56
OTROS,MMC,2025-05-12 12:12:45,2025-05-12 12:20:29
OTROS,MMC,2025-05-12 11:37:08,2025-05-12 12:07:08
OTROS,MMC,2025-05-12 11:01:28,2025-05-12 11:25:26
OTROS,MMC,2025-05-12 10:29:10,2025-05-12 10:57:50
OTROS,MMC,2025-05-12 09:50:23,2025-05-12 10:17:25
OTROS,MMC,2025-05-12 09:20:17,2025-05-12 09:50:17
OTROS,ORGANIZACION,2025-05-11 18:51:53,2025-05-11 19:11:53
SCIENCELUXE,VIDEO,2025-05-10 12:13:12,2025-05-10 12:24:19
SCIENCELUXE,VIDEO,2025-05-10 11:25:41,2025-05-10 11:55:41
SCIELUXE,WEBSITE,2025-05-10 09:53:15,2025-05-10 10:23:15
SCIELUXE,WEBSITE,2025-05-10 09:06:59,2025-05-10 09:37:00
SCIENCELUXE,VIDEO,2025-05-09 14:37:53,2025-05-09 15:06:26
SCIELUXE,WEBSITE,2025-05-09 12:31:13,2025-05-09 12:53:27
SCIELUXE,WEBSITE,2025-05-09 11:59:44,2025-05-09 12:29:44
SCIELUXE,WEBSITE,2025-05-09 10:11:43,2025-05-09 10:39:45
SCIELUXE,WEBSITE,2025-05-09 09:42:07,2025-05-09 10:11:38
SCIELUXE,WEBSITE,2025-05-09 09:08:47,2025-05-09 09:38:19
SCIENCELUXE,VIDEO,2025-05-08 19:22:10,2025-05-08 19:52:10
SCIENCELUXE,VIDEO,2025-05-08 18:51:57,2025-05-08 19:21:58
SCIENCELUXE,VIDEO,2025-05-08 18:23:15,2025-05-08 18:51:54
SCIENCELUXE,VIDEO,2025-05-08 14:03:57,2025-05-08 14:23:53
OTROS,ORGANIZACION,2025-05-08 12:44:15,2025-05-08 12:51:40
OTROS,MMC,2025-05-08 11:58:39,2025-05-08 12:06:22
OTROS,MMC,2025-05-08 11:28:56,2025-05-08 11:58:35
OTROS,MMC,2025-05-08 10:42:59,2025-05-08 11:12:59
OTROS,MMC,2025-05-08 10:13:43,2025-05-08 10:42:56
OTROS,MMC,2025-05-08 09:23:16,2025-05-08 09:41:04
SCIENCELUXE,VIDEO,2025-05-07 14:28:57,2025-05-07 14:57:47
SCIENCELUXE,VIDEO,2025-05-07 13:15:57,2025-05-07 13:43:09
SCIENCELUXE,VIDEO,2025-05-06 21:08:24,2025-05-06 21:38:21
SCIENCELUXE,VIDEO,2025-05-06 20:14:39,2025-05-06 20:44:39
SCIELUXE,WEBSITE,2025-05-06 14:03:19,2025-05-06 14:33:19
SCIELUXE,WEBSITE,2025-05-06 13:28:46,2025-05-06 13:58:46
SCIELUXE,WEBSITE,2025-05-06 10:56:54,2025-05-06 11:25:49
SCIELUXE,WEBSITE,2025-05-06 10:25:16,2025-05-06 10:55:16
SCIENCELUXE,VIDEO,2025-05-05 18:33:28,2025-05-05 19:01:33
SCIENCELUXE,VIDEO,2025-05-05 17:55:16,2025-05-05 18:25:17
SCIENCELUXE,VIDEO,2025-05-05 14:56:52,2025-05-05 15:26:53
SCIELUXE,WEBSITE,2025-05-05 14:56:45,2025-05-05 14:56:46
SCIELUXE,WEBSITE,2025-05-05 14:37:25,2025-05-05 14:51:32
SCIELUXE,WEBSITE,2025-05-05 12:20:26,2025-05-05 12:50:27
SCIELUXE,WEBSITE,2025-05-05 11:44:31,2025-05-05 12:14:31
SCIELUXE,WEBSITE,2025-05-05 10:52:20,2025-05-05 11:22:21
SCIELUXE,WEBSITE,2025-05-05 10:22:14,2025-05-05 10:52:15
SCIENCELUXE,VIDEO,2025-05-04 12:40:28,2025-05-04 13:10:27
SCIENCELUXE,VIDEO,2025-05-03 18:53:43,2025-05-03 19:23:43
SCIENCELUXE,VIDEO,2025-05-03 17:02:39,2025-05-03 17:32:39
SCIENCELUXE,VIDEO,2025-05-03 16:32:31,2025-05-03 17:02:32
SCIELUXE,LEARNING,2025-05-03 16:32:24,2025-05-03 16:32:26
SCIELUXE,LEARNING,2025-05-02 20:50:14,2025-05-02 21:14:37
SCIELUXE,LEARNING,2025-05-02 20:19:28,2025-05-02 20:49:28
OTROS,MMC,2025-05-02 12:43:37,2025-05-02 13:13:38
OTROS,MMC,2025-05-02 00:06:54,2025-05-02 00:16:02
OTROS,MMC,2025-05-01 23:25:06,2025-05-01 23:55:06
SCIELUXE,WEBSITE,2025-05-01 22:54:52,2025-05-01 23:24:52
OTROS,MMC,2025-05-01 19:35:16,2025-05-01 20:05:16
OTROS,MMC,2025-05-01 18:09:49,2025-05-01 18:39:49
OTROS,MMC,2025-05-01 17:40:39,2025-05-01 18:09:44
OTROS,MMC,2025-05-01 16:59:04,2025-05-01 17:29:05
SCIENCELUXE,VIDEO,2025-04-30 13:46:46,2025-04-30 13:52:57
SCIELUXE,WEBSITE,2025-04-29 16:44:07,2025-04-29 17:14:08
SCIELUXE,WEBSITE,2025-04-29 16:13:51,2025-04-29 16:43:22
SCIELUXE,WEBSITE,2025-04-29 15:43:45,2025-04-29 16:13:45
SCIELUXE,WEBSITE,2025-04-29 12:09:41,2025-04-29 12:39:42
SCIELUXE,WEBSITE,2025-04-29 11:41:11,2025-04-29 11:59:03
SCIELUXE,WEBSITE,2025-04-29 11:07:02,2025-04-29 11:36:40
SCIENCELUXE,PROCESS,2025-04-29 10:35:19,2025-04-29 10:49:42
SCIELUXE,LEARNING,2025-04-29 09:41:24,2025-04-29 10:11:25
SCIELUXE,WEBSITE,2025-04-29 00:03:51,2025-04-29 00:23:51
OTROS,MMC,2025-04-28 23:19:46,2025-04-28 23:48:03
SCIENCELUXE,VIDEO,2025-04-28 20:34:44,2025-04-28 21:04:44
SCIELUXE,WEBSITE,2025-04-28 20:27:57,2025-04-28 20:31:51
SCIELUXE,WEBSITE,2025-04-28 19:55:41,2025-04-28 20:25:40
SCIELUXE,LEARNING,2025-04-28 19:17:48,2025-04-28 19:47:48
SCIELUXE,LEARNING,2025-04-28 18:47:39,2025-04-28 19:17:40
SCIENCELUXE,VIDEO,2025-04-28 18:12:09,2025-04-28 18:42:10
SCIENCELUXE,VIDEO,2025-04-28 13:25:38,2025-04-28 13:55:28
OTROS,MMC,2025-04-28 11:22:52,2025-04-28 11:52:52
OTROS,MMC,2025-04-28 10:49:51,2025-04-28 11:19:52
SCIELUXE,LEARNING,2025-04-28 10:01:31,2025-04-28 10:17:52
SCIELUXE,LEARNING,2025-04-28 09:07:14,2025-04-28 09:37:15
OTROS,ORGANIZACION,2025-04-28 08:52:05,2025-04-28 09:06:05
OTROS,ORGANIZACION,2025-04-27 13:10:24,2025-04-27 13:40:24
OTROS,ORGANIZACION,2025-04-27 12:41:03,2025-04-27 12:55:19
OTROS,ORGANIZACION,2025-04-27 12:36:21,2025-04-27 12:36:22
SCIELUXE,WEBSITE,2025-04-25 11:53:29,2025-04-25 12:13:58
SCIELUXE,WEBSITE,2025-04-25 11:25:21,2025-04-25 11:52:27
OTROS,MMC,2025-04-24 12:01:02,2025-04-24 12:31:03
SCIELUXE,LEARNING,2025-04-24 11:29:36,2025-04-24 11:59:36
OTROS,MMC,2025-04-23 15:04:45,2025-04-23 15:32:24
OTROS,MMC,2025-04-23 14:18:45,2025-04-23 14:48:46
OTROS,MMC,2025-04-23 12:37:26,2025-04-23 13:07:27
OTROS,MMC,2025-04-23 12:05:18,2025-04-23 12:35:18
OTROS,MMC,2025-04-23 11:41:45,2025-04-23 11:59:21
SCIENCELUXE,VIDEO,2025-04-23 10:07:12,2025-04-23 10:37:12
OTROS,MMC,2025-04-23 09:06:00,2025-04-23 09:32:21
OTROS,MMC,2025-04-22 19:24:51,2025-04-22 19:44:51
OTROS,MMC,2025-04-22 18:43:01,2025-04-22 19:08:11
OTROS,ORGANIZACION,2025-04-22 18:25:01,2025-04-22 18:42:29
SCIENCELUXE,VIDEO,2025-04-22 17:56:49,2025-04-22 18:20:09
OTROS,MMC,2025-04-21 19:47:28,2025-04-21 20:17:29
OTROS,MMC,2025-04-21 19:17:22,2025-04-21 19:47:23
OTROS,MMC,2025-04-21 13:55:37,2025-04-21 14:25:15
OTROS,MMC,2025-04-21 13:25:55,2025-04-21 13:55:33
OTROS,MMC,2025-04-20 22:40:23,2025-04-20 23:10:24
OTROS,MMC,2025-04-20 22:11:51,2025-04-20 22:40:19
OTROS,MMC,2025-04-20 21:41:45,2025-04-20 22:11:45
OTROS,MMC,2025-04-20 11:42:57,2025-04-20 12:09:53
OTROS,ORGANIZACION,2025-04-20 11:09:14,2025-04-20 11:39:15
SCIENCELUXE,VIDEO,2025-04-19 18:47:12,2025-04-19 19:17:13
SCIENCELUXE,VIDEO,2025-04-19 12:26:35,2025-04-19 12:50:42
OTROS,ORGANIZACION,2025-04-19 10:53:04,2025-04-19 11:13:04
OTROS,ORGANIZACION,2025-04-18 21:22:30,2025-04-18 21:47:16
SCIELUXE,WEBSITE,2025-04-18 10:59:33,2025-04-18 11:29:33
OTROS,MMC,2025-04-17 23:49:59,2025-04-18 00:19:59
SCIENCELUXE,PROCESS,2025-04-17 21:58:33,2025-04-17 22:26:47
SCIENCELUXE,PROCESS,2025-04-17 20:51:40,2025-04-17 21:20:47
SCIELUXE,WEBSITE,2025-04-17 11:58:16,2025-04-17 12:26:59
SCIELUXE,WEBSITE,2025-04-17 11:30:06,2025-04-17 11:58:12
SCIELUXE,WEBSITE,2025-04-17 10:07:51,2025-04-17 10:37:52
OTROS,MMC,2025-04-16 12:24:28,2025-04-16 12:53:54
SCIELUXE,WEBSITE,2025-04-16 11:58:03,2025-04-16 12:24:19
SCIELUXE,WEBSITE,2025-04-16 11:27:45,2025-04-16 11:57:46
SCIELUXE,WEBSITE,2025-04-16 11:12:17,2025-04-16 11:20:38
SCIELUXE,WEBSITE,2025-04-16 10:42:11,2025-04-16 11:12:11
OTROS,JAVIER PRADO,2025-04-15 20:05:35,2025-04-15 20:05:35
SCIELUXE,WEBSITE,2025-04-15 19:35:26,2025-04-15 20:05:26
SCIELUXE,WEBSITE,2025-04-15 14:44:34,2025-04-15 15:13:04
SCIELUXE,WEBSITE,2025-04-15 14:14:27,2025-04-15 14:44:27
SCIELUXE,WEBSITE,2025-04-15 13:43:45,2025-04-15 14:13:06
SCIELUXE,WEBSITE,2025-04-15 13:13:38,2025-04-15 13:43:38
SCIELUXE,WEBSITE,2025-04-15 12:37:01,2025-04-15 13:07:02
SCIELUXE,WEBSITE,2025-04-15 11:41:20,2025-04-15 12:11:21
SCIENCELUXE,VIDEO,2025-04-14 21:51:55,2025-04-14 22:04:45
SCIENCELUXE,VIDEO,2025-04-14 14:07:33,2025-04-14 14:27:33
SCIELUXE,WEBSITE,2025-04-14 12:53:03,2025-04-14 13:13:04
SCIELUXE,WEBSITE,2025-04-14 12:22:54,2025-04-14 12:52:54
SCIELUXE,WEBSITE,2025-04-14 11:30:41,2025-04-14 11:59:19
SCIELUXE,WEBSITE,2025-04-14 11:00:35,2025-04-14 11:30:35
OTROS,MMC,2025-04-14 10:01:59,2025-04-14 10:29:06
OTROS,ORGANIZACION,2025-04-13 22:46:50,2025-04-13 23:14:20
SCIELUXE,WEBSITE,2025-04-13 17:21:23,2025-04-13 17:34:33
SCIELUXE,WEBSITE,2025-04-13 16:46:16,2025-04-13 17:13:28
SCIELUXE,WEBSITE,2025-04-13 16:16:06,2025-04-13 16:46:06
SCIENCELUXE,VIDEO,2025-04-12 20:24:24,2025-04-12 20:34:23
SCIENCELUXE,VIDEO,2025-04-12 20:04:12,2025-04-12 20:24:13
SCIENCELUXE,VIDEO,2025-04-12 19:35:03,2025-04-12 19:52:31
OTROS,ORGANIZACION,2025-04-12 18:56:56,2025-04-12 19:14:00
SCIENCELUXE,VIDEO,2025-04-12 18:10:15,2025-04-12 18:18:43
SCIENCELUXE,VIDEO,2025-04-12 17:47:02,2025-04-12 17:58:40
SCIENCELUXE,VIDEO,2025-04-12 17:15:11,2025-04-12 17:35:12
SCIENCELUXE,VIDEO,2025-04-12 16:35:38,2025-04-12 16:55:39
SCIELUXE,WEBSITE,2025-04-12 13:20:58,2025-04-12 13:32:08
SCIELUXE,WEBSITE,2025-04-12 12:43:04,2025-04-12 12:58:35
SCIELUXE,WEBSITE,2025-04-12 12:12:57,2025-04-12 12:42:58
SCIELUXE,WEBSITE,2025-04-12 11:42:42,2025-04-12 12:12:43
SCIELUXE,WEBSITE,2025-04-10 19:59:17,2025-04-10 20:01:01
SCIELUXE,WEBSITE,2025-04-10 19:29:11,2025-04-10 19:59:11
SCIELUXE,WEBSITE,2025-04-10 18:59:04,2025-04-10 19:29:05
SCIELUXE,LEARNING,2025-04-10 18:36:53,2025-04-10 18:47:16
SCIELUXE,LEARNING,2025-04-10 18:06:45,2025-04-10 18:36:45
OTROS,MMC,2025-04-10 13:32:07,2025-04-10 14:02:07
OTROS,MMC,2025-04-10 12:55:34,2025-04-10 13:25:35
SCIELUXE,LEARNING,2025-04-10 12:25:23,2025-04-10 12:55:24
SCIELUXE,WEBSITE,2025-04-10 11:29:02,2025-04-10 11:59:03
SCIENCELUXE,VIDEO,2025-04-09 21:53:59,2025-04-09 22:05:15
SCIENCELUXE,VIDEO,2025-04-09 19:57:26,2025-04-09 20:26:03
OTROS,MMC,2025-04-09 18:39:13,2025-04-09 19:09:13
SCIENCELUXE,VIDEO,2025-04-09 15:39:46,2025-04-09 16:09:47
OTROS,MMC,2025-04-09 15:01:33,2025-04-09 15:28:19
OTROS,MMC,2025-04-09 14:33:01,2025-04-09 14:53:48
OTROS,MMC,2025-04-09 14:32:57,2025-04-09 14:32:58
OTROS,MMC,2025-04-09 11:01:27,2025-04-09 11:03:32
SCIENCELUXE,VIDEO,2025-04-08 17:10:27,2025-04-08 17:25:21
SCIENCELUXE,VIDEO,2025-04-08 16:40:18,2025-04-08 17:10:19
SCIENCELUXE,VIDEO,2025-04-08 14:32:04,2025-04-08 14:40:08
SCIENCELUXE,VIDEO,2025-04-08 13:07:13,2025-04-08 13:22:09
OTROS,MMC,2025-04-08 12:24:18,2025-04-08 12:54:18
SCIELUXE,LEARNING,2025-04-08 11:10:41,2025-04-08 11:40:42
SCIELUXE,WEBSITE,2025-04-05 14:03:07,2025-04-05 14:27:33
SCIENCELUXE,VIDEO,2025-04-05 13:25:22,2025-04-05 13:55:23
SCIENCELUXE,VIDEO,2025-04-05 12:55:14,2025-04-05 13:25:15
SCIENCELUXE,VIDEO,2025-04-05 12:15:52,2025-04-05 12:45:39
SCIENCELUXE,VIDEO,2025-04-05 11:41:59,2025-04-05 11:56:24
SCIELUXE,LEARNING,2025-04-04 20:43:35,2025-04-04 21:12:45
SCIELUXE,WEBSITE,2025-04-04 14:32:58,2025-04-04 14:50:24
OTROS,MMC,2025-04-04 13:12:43,2025-04-04 13:42:43
OTROS,MMC,2025-04-04 10:16:17,2025-04-04 10:46:17
SCIELUXE,WEBSITE,2025-04-03 18:00:30,2025-04-03 18:22:45
SCIELUXE,WEBSITE,2025-04-03 17:29:29,2025-04-03 17:59:29
SCIELUXE,WEBSITE,2025-04-03 16:59:00,2025-04-03 17:29:00
SCIENCELUXE,VIDEO,2025-04-03 14:28:51,2025-04-03 14:58:52
SCIELUXE,WEBSITE,2025-04-03 12:44:18,2025-04-03 13:14:19
SCIELUXE,WEBSITE,2025-04-03 12:08:07,2025-04-03 12:38:07
SCIELUXE,WEBSITE,2025-04-03 11:24:48,2025-04-03 11:54:49
SCIENCELUXE,VIDEO,2025-04-02 16:44:06,2025-04-02 16:58:27
OTROS,MMC,2025-04-02 15:23:22,2025-04-02 15:53:22
OTROS,MMC,2025-04-02 14:13:33,2025-04-02 14:42:45
OTROS,MMC,2025-04-02 13:35:27,2025-04-02 13:55:07
OTROS,MMC,2025-04-02 13:03:24,2025-04-02 13:33:14
OTROS,MMC,2025-04-02 12:55:59,2025-04-02 13:00:45
OTROS,MMC,2025-04-02 12:24:37,2025-04-02 12:54:38
SCIENCELUXE,VIDEO,2025-03-31 22:21:48,2025-03-31 22:38:47
SCIENCELUXE,VIDEO,2025-03-31 21:22:10,2025-03-31 21:52:10
OTROS,ORGANIZACION,2025-03-31 20:48:57,2025-03-31 21:18:57
SCIENCELUXE,VIDEO,2025-03-31 19:53:33,2025-03-31 20:02:30
SCIENCELUXE,VIDEO,2025-03-31 18:01:09,2025-03-31 18:31:09
SCIENCELUXE,VIDEO,2025-03-31 18:01:05,2025-03-31 18:01:06
SCIENCELUXE,VIDEO,2025-03-31 16:22:32,2025-03-31 16:52:32
SCIENCELUXE,VIDEO,2025-03-31 14:50:05,2025-03-31 15:05:08
OTROS,MMC,2025-03-31 13:43:32,2025-03-31 14:13:32
OTROS,MMC,2025-03-31 13:13:25,2025-03-31 13:43:26
OTROS,MMC,2025-03-31 11:58:50,2025-03-31 12:28:50
OTROS,MMC,2025-03-31 11:28:41,2025-03-31 11:58:41
OTROS,MMC,2025-03-31 10:34:31,2025-03-31 10:39:53
OTROS,MMC,2025-03-31 10:04:21,2025-03-31 10:34:21
OTROS,MMC,2025-03-29 15:23:26,2025-03-29 15:53:27
OTROS,MMC,2025-03-29 14:43:28,2025-03-29 14:56:10
SCIENCELUXE,VIDEO,2025-03-29 13:04:39,2025-03-29 13:33:57
SCIENCELUXE,VIDEO,2025-03-29 12:31:32,2025-03-29 13:01:33
SCIELUXE,LEARNING,2025-03-28 14:07:18,2025-03-28 14:32:52
SCIELUXE,WEBSITE,2025-03-28 12:38:58,2025-03-28 13:08:58
SCIELUXE,WEBSITE,2025-03-28 12:08:47,2025-03-28 12:38:47
OTROS,MMC,2025-03-28 11:38:14,2025-03-28 12:08:15
SCIELUXE,WEBSITE,2025-03-28 10:45:21,2025-03-28 11:15:21
SCIELUXE,WEBSITE,2025-03-28 10:15:50,2025-03-28 10:35:28
SCIELUXE,WEBSITE,2025-03-28 09:31:00,2025-03-28 10:01:01
OTROS,MMC,2025-03-27 20:31:06,2025-03-27 21:01:06
OTROS,MMC,2025-03-27 20:00:59,2025-03-27 20:31:00
OTROS,MMC,2025-03-27 16:37:00,2025-03-27 17:03:45
OTROS,MMC,2025-03-27 16:13:00,2025-03-27 16:21:36
SCIENCELUXE,VIDEO,2025-03-27 15:47:15,2025-03-27 16:02:31
SCIELUXE,LEARNING,2025-03-27 14:49:54,2025-03-27 14:59:05
OTROS,MMC,2025-03-27 13:05:21,2025-03-27 13:15:36
SCIELUXE,WEBSITE,2025-03-27 12:13:25,2025-03-27 12:42:25
SCIELUXE,WEBSITE,2025-03-27 11:43:20,2025-03-27 12:13:20
SCIELUXE,WEBSITE,2025-03-27 11:13:13,2025-03-27 11:43:14
SCIELUXE,WEBSITE,2025-03-26 12:45:23,2025-03-26 13:15:23
SCIELUXE,WEBSITE,2025-03-26 12:15:03,2025-03-26 12:45:04
SCIELUXE,WEBSITE,2025-03-25 22:47:44,2025-03-25 23:17:45
SCIELUXE,WEBSITE,2025-03-25 22:17:36,2025-03-25 22:47:37
OTROS,MMC,2025-03-25 16:15:05,2025-03-25 16:45:06
OTROS,MMC,2025-03-25 13:45:59,2025-03-25 14:06:40
OTROS,MMC,2025-03-25 11:10:42,2025-03-25 11:40:42
OTROS,MMC,2025-03-25 10:39:31,2025-03-25 11:09:31
SCIENCELUXE,VIDEO,2025-03-24 22:39:09,2025-03-24 23:09:10
SCIELUXE,LEARNING,2025-03-24 20:43:40,2025-03-24 20:58:41
OTROS,MMC,2025-03-24 19:32:54,2025-03-24 20:02:54
OTROS,MMC,2025-03-24 19:02:47,2025-03-24 19:32:47
OTROS,MMC,2025-03-24 13:47:49,2025-03-24 14:17:50
OTROS,MMC,2025-03-24 13:17:40,2025-03-24 13:33:25
OTROS,MMC,2025-03-24 12:34:56,2025-03-24 13:04:56
OTROS,MMC,2025-03-24 11:50:02,2025-03-24 11:59:52
OTROS,MMC,2025-03-24 11:20:01,2025-03-24 11:49:59
OTROS,MMC,2025-03-24 10:49:44,2025-03-24 11:19:44
SCIENCELUXE,VIDEO,2025-03-23 23:11:47,2025-03-23 23:41:48
SCIENCELUXE,VIDEO,2025-03-23 22:41:38,2025-03-23 23:11:38
SCIENCELUXE,VIDEO,2025-03-23 20:03:47,2025-03-23 20:33:48
SCIELUXE,WEBSITE,2025-03-23 15:25:14,2025-03-23 15:49:52
SCIELUXE,WEBSITE,2025-03-23 14:55:09,2025-03-23 15:25:09
SCIELUXE,WEBSITE,2025-03-23 14:21:26,2025-03-23 14:51:12
OTROS,MMC,2025-03-23 14:09:07,2025-03-23 14:16:30
SCIENCELUXE,VIDEO,2025-03-22 15:34:38,2025-03-22 16:00:30
SCIENCELUXE,VIDEO,2025-03-22 13:56:43,2025-03-22 14:22:59
SCIENCELUXE,VIDEO,2025-03-22 13:26:33,2025-03-22 13:56:34
OTROS,MMC,2025-03-21 12:25:47,2025-03-21 12:55:47
OTROS,MMC,2025-03-21 11:19:36,2025-03-21 11:43:47
OTROS,MMC,2025-03-20 14:58:02,2025-03-20 15:26:11
OTROS,MMC,2025-03-20 13:18:24,2025-03-20 13:48:25
SCIELUXE,WEBSITE,2025-03-20 12:14:43,2025-03-20 12:29:15
SCIELUXE,WEBSITE,2025-03-20 11:33:45,2025-03-20 11:58:56
SCIELUXE,WEBSITE,2025-03-20 11:03:36,2025-03-20 11:33:37
SCIELUXE,WEBSITE,2025-03-20 10:25:15,2025-03-20 10:55:15
SCIENCELUXE,VIDEO,2025-03-19 23:10:16,2025-03-19 23:26:29
OTROS,ORGANIZACION,2025-03-19 17:02:10,2025-03-19 17:29:18
SCIENCELUXE,VIDEO,2025-03-19 15:41:50,2025-03-19 16:11:50
OTROS,MMC,2025-03-19 14:39:38,2025-03-19 15:09:00
OTROS,MMC,2025-03-19 13:54:55,2025-03-19 14:24:55
OTROS,MMC,2025-03-19 13:25:20,2025-03-19 13:49:56
SCIELUXE,LEARNING,2025-03-19 12:55:09,2025-03-19 13:25:10
SCIENCELUXE,VIDEO,2025-03-18 21:15:19,2025-03-18 21:45:20
SCIENCELUXE,VIDEO,2025-03-18 20:25:26,2025-03-18 20:50:11
SCIELUXE,WEBSITE,2025-03-18 13:34:47,2025-03-18 14:04:39
OTROS,ORGANIZACION,2025-03-17 17:07:19,2025-03-17 17:28:02
OTROS,ORGANIZACION,2025-03-17 16:37:13,2025-03-17 17:07:14
SCIELUXE,WEBSITE,2025-03-17 12:04:50,2025-03-17 12:34:50
SCIELUXE,WEBSITE,2025-03-17 11:34:45,2025-03-17 12:04:45
SCIENCELUXE,VIDEO,2025-03-16 23:41:26,2025-03-17 00:11:26
SCIELUXE,WEBSITE,2025-03-16 20:15:47,2025-03-16 20:45:19
SCIELUXE,WEBSITE,2025-03-16 18:55:30,2025-03-16 19:19:29
SCIELUXE,WEBSITE,2025-03-16 18:21:27,2025-03-16 18:50:43
SCIENCELUXE,PROCESS,2025-03-16 17:42:39,2025-03-16 18:02:19
SCIELUXE,WEBSITE,2025-03-16 16:56:59,2025-03-16 17:20:03
SCIELUXE,WEBSITE,2025-03-16 16:01:35,2025-03-16 16:31:35
SCIELUXE,WEBSITE,2025-03-16 15:45:52,2025-03-16 15:51:42
SCIELUXE,WEBSITE,2025-03-16 15:06:10,2025-03-16 15:09:42
SCIELUXE,WEBSITE,2025-03-16 14:26:59,2025-03-16 14:57:00
SCIELUXE,WEBSITE,2025-03-16 13:57:10,2025-03-16 14:26:26
SCIELUXE,WEBSITE,2025-03-16 13:25:39,2025-03-16 13:42:43
SCIENCELUXE,VIDEO,2025-03-15 21:24:21,2025-03-15 21:28:04
SCIENCELUXE,VIDEO,2025-03-15 20:49:41,2025-03-15 21:19:42
SCIENCELUXE,VIDEO,2025-03-15 14:42:57,2025-03-15 15:02:06
SCIENCELUXE,VIDEO,2025-03-15 14:12:22,2025-03-15 14:42:23
SCIENCELUXE,VIDEO,2025-03-15 13:42:12,2025-03-15 14:12:12
SCIENCELUXE,VIDEO,2025-03-14 19:15:22,2025-03-14 19:45:23
SCIELUXE,WEBSITE,2025-03-14 15:42:41,2025-03-14 16:07:57
SCIELUXE,LEARNING,2025-03-14 15:11:33,2025-03-14 15:22:49
SCIELUXE,WEBSITE,2025-03-14 14:55:28,2025-03-14 15:09:16
SCIELUXE,WEBSITE,2025-03-14 14:14:34,2025-03-14 14:44:35
SCIENCELUXE,VIDEO,2025-03-14 13:43:43,2025-03-14 14:05:19
SCIENCELUXE,VIDEO,2025-03-14 13:14:15,2025-03-14 13:43:39
SCIENCELUXE,VIDEO,2025-03-13 21:26:11,2025-03-13 21:56:12
SCIENCELUXE,VIDEO,2025-03-13 20:56:04,2025-03-13 21:26:05
SCIELUXE,WEBSITE,2025-03-13 13:58:17,2025-03-13 14:28:18
SCIELUXE,WEBSITE,2025-03-13 13:29:15,2025-03-13 13:58:14
OTROS,MMC,2025-03-12 20:37:45,2025-03-12 20:57:46
OTROS,MMC,2025-03-12 15:11:02,2025-03-12 15:41:02
SCIELUXE,WEBSITE,2025-03-12 13:58:55,2025-03-12 14:25:05
SCIELUXE,WEBSITE,2025-03-12 13:28:10,2025-03-12 13:36:05
SCIELUXE,WEBSITE,2025-03-12 12:58:04,2025-03-12 13:28:05
SCIELUXE,WEBSITE,2025-03-12 12:20:35,2025-03-12 12:50:29
SCIELUXE,WEBSITE,2025-03-11 22:43:07,2025-03-11 23:13:04
SCIENCELUXE,VIDEO,2025-03-11 19:33:47,2025-03-11 19:53:42
SCIENCELUXE,VIDEO,2025-03-11 17:13:53,2025-03-11 17:30:34
SCIENCELUXE,VIDEO,2025-03-11 16:53:53,2025-03-11 17:13:50
OTROS,MMC,2025-03-11 16:00:23,2025-03-11 16:19:33
OTROS,MMC,2025-03-11 12:01:18,2025-03-11 12:15:24
OTROS,ORGANIZACION,2025-03-11 11:32:21,2025-03-11 11:40:52
SCIENCELUXE,VIDEO,2025-03-10 23:28:39,2025-03-10 23:48:35
SCIENCELUXE,VIDEO,2025-03-10 22:38:06,2025-03-10 22:58:05
OTROS,ORGANIZACION,2025-03-10 21:20:19,2025-03-10 21:40:16
SCIELUXE,LEARNING,2025-03-10 20:17:22,2025-03-10 20:37:23
SCIENCELUXE,VIDEO,2025-03-09 21:22:42,2025-03-09 21:42:40
SCIENCELUXE,VIDEO,2025-03-09 21:02:27,2025-03-09 21:22:21
SCIENCELUXE,VIDEO,2025-03-09 13:54:15,2025-03-09 14:14:10
SCIENCELUXE,VIDEO,2025-03-09 13:31:26,2025-03-09 13:51:22
SCIENCELUXE,VIDEO,2025-03-07 22:34:49,2025-03-07 22:50:12
SCIELUXE,WEBSITE,2025-03-05 14:06:21,2025-03-05 14:36:21
SCIELUXE,WEBSITE,2025-03-05 12:29:39,2025-03-05 12:59:39
SCIELUXE,WEBSITE,2025-03-05 11:26:33,2025-03-05 11:56:28
SCIELUXE,WEBSITE,2025-03-04 15:20:31,2025-03-04 15:50:32
SCIENCELUXE,VIDEO,2025-03-03 18:07:19,2025-03-03 18:16:40
SCIENCELUXE,VIDEO,2025-03-03 17:30:10,2025-03-03 18:00:05
SCIELUXE,WEBSITE,2025-03-03 15:06:10,2025-03-03 15:25:44
SCIELUXE,WEBSITE,2025-03-03 14:36:17,2025-03-03 14:41:37
SCIELUXE,WEBSITE,2025-03-03 13:30:48,2025-03-03 13:50:42
SCIELUXE,WEBSITE,2025-03-03 12:53:21,2025-03-03 13:12:47
SCIELUXE,WEBSITE,2025-03-03 12:16:19,2025-03-03 12:46:20
SCIELUXE,WEBSITE,2025-03-03 11:36:04,2025-03-03 12:05:59
SCIELUXE,WEBSITE,2025-03-03 10:40:37,2025-03-03 10:57:32
SCIELUXE,WEBSITE,2025-03-03 10:23:38,2025-03-03 10:40:34
SCIELUXE,WEBSITE,2025-03-03 10:23:27,2025-03-03 10:23:30
OTROS,ORGANIZACION,2025-03-02 22:56:54,2025-03-02 23:07:21
SCIELUXE,LEARNING,2025-03-02 19:53:58,2025-03-02 20:22:18
SCIENCELUXE,VIDEO,2025-03-02 19:16:51,2025-03-02 19:46:51
OTROS,JAVIER PRADO,2025-03-02 18:34:17,2025-03-02 19:04:17
SCIENCELUXE,VIDEO,2025-03-02 18:34:08,2025-03-02 18:34:09
OTROS,ORGANIZACION,2025-03-02 15:34:50,2025-03-02 16:04:45
SCIELUXE,WEBSITE,2025-03-02 13:28:31,2025-03-02 13:58:25
SCIENCELUXE,PROCESS,2025-02-28 20:19:54,2025-02-28 20:49:49
SCIELUXE,WEBSITE,2025-02-28 13:45:51,2025-02-28 14:15:47
SCIELUXE,WEBSITE,2025-02-27 12:45:36,2025-02-27 13:15:32
SCIELUXE,WEBSITE,2025-02-27 12:13:28,2025-02-27 12:43:24
SCIELUXE,WEBSITE,2025-02-27 11:43:23,2025-02-27 12:13:23
SCIELUXE,WEBSITE,2025-02-27 11:13:25,2025-02-27 11:43:20
SCIELUXE,WEBSITE,2025-02-27 10:43:19,2025-02-27 11:13:19
SCIELUXE,WEBSITE,2025-02-26 18:24:37,2025-02-26 18:54:38
SCIELUXE,WEBSITE,2025-02-26 18:12:13,2025-02-26 18:23:51
SCIELUXE,WEBSITE,2025-02-26 17:42:13,2025-02-26 18:12:10
SCIELUXE,WEBSITE,2025-02-26 15:26:17,2025-02-26 15:56:13
SCIELUXE,WEBSITE,2025-02-26 12:15:02,2025-02-26 12:44:56
SCIELUXE,WEBSITE,2025-02-26 11:45:03,2025-02-26 12:14:59
SCIELUXE,WEBSITE,2025-02-26 11:15:04,2025-02-26 11:45:00
SCIELUXE,WEBSITE,2025-02-25 18:06:50,2025-02-25 18:36:45
SCIENCELUXE,VIDEO,2025-02-25 14:16:57,2025-02-25 14:40:51
SCIELUXE,WEBSITE,2025-02-25 12:24:03,2025-02-25 12:54:00
SCIELUXE,WEBSITE,2025-02-25 11:36:52,2025-02-25 12:06:47
SCIELUXE,LEARNING,2025-02-24 18:32:04,2025-02-24 19:01:58
SCIELUXE,LEARNING,2025-02-24 17:29:56,2025-02-24 17:59:51
SCIENCELUXE,VIDEO,2025-02-24 15:52:30,2025-02-24 16:22:25
SCIELUXE,WEBSITE,2025-02-24 14:12:18,2025-02-24 14:42:13
SCIELUXE,WEBSITE,2025-02-24 12:50:58,2025-02-24 13:20:54
SCIELUXE,WEBSITE,2025-02-24 12:20:59,2025-02-24 12:50:55
SCIELUXE,WEBSITE,2025-02-23 19:52:22,2025-02-23 20:22:18
SCIELUXE,WEBSITE,2025-02-23 19:22:23,2025-02-23 19:52:19
SCIELUXE,WEBSITE,2025-02-23 18:52:17,2025-02-23 19:22:18
SCIENCELUXE,VIDEO,2025-02-23 18:29:16,2025-02-23 18:52:12
SCIENCELUXE,VIDEO,2025-02-23 17:41:53,2025-02-23 18:11:53
SCIELUXE,WEBSITE,2025-02-23 13:17:30,2025-02-23 13:47:25
SCIELUXE,WEBSITE,2025-02-23 12:11:26,2025-02-23 12:41:21
SCIELUXE,WEBSITE,2025-02-23 11:41:28,2025-02-23 12:11:23
SCIELUXE,WEBSITE,2025-02-22 12:00:29,2025-02-22 12:30:28
SCIELUXE,WEBSITE,2025-02-22 11:30:20,2025-02-22 12:00:21
SCIELUXE,WEBSITE,2025-02-22 01:17:28,2025-02-22 01:47:24
SCIELUXE,WEBSITE,2025-02-22 00:47:30,2025-02-22 01:17:25
SCIELUXE,WEBSITE,2025-02-21 14:08:19,2025-02-21 14:38:14
SCIENCELUXE,VIDEO,2025-02-20 23:42:57,2025-02-21 00:12:53
SCIENCELUXE,VIDEO,2025-02-20 16:36:24,2025-02-20 17:06:20
OTROS,JAVIER PRADO,2025-02-18 23:17:06,2025-02-18 23:47:01
OTROS,JAVIER PRADO,2025-02-18 22:47:08,2025-02-18 23:17:03
SCIELUXE,WEBSITE,2025-02-18 18:52:45,2025-02-18 19:18:44
SCIELUXE,WEBSITE,2025-02-18 18:13:34,2025-02-18 18:43:30
SCIELUXE,WEBSITE,2025-02-18 17:40:24,2025-02-18 18:10:24
SCIELUXE,WEBSITE,2025-02-18 16:36:11,2025-02-18 17:04:15
SCIELUXE,WEBSITE,2025-02-17 18:11:04,2025-02-17 18:40:58
SCIELUXE,WEBSITE,2025-02-17 17:41:03,2025-02-17 18:11:00
OTROS,MMC,2025-02-17 11:04:48,2025-02-17 11:34:47
OTROS,MMC,2025-02-17 10:34:44,2025-02-17 11:04:44
OTROS,MMC,2025-02-17 10:00:14,2025-02-17 10:30:15
OTROS,MMC,2025-02-17 00:20:15,2025-02-17 00:50:09
OTROS,MMC,2025-02-16 23:45:23,2025-02-17 00:15:17
SCIENCELUXE,VIDEO,2025-02-16 21:45:13,2025-02-16 22:15:14
SCIENCELUXE,VIDEO,2025-02-16 20:59:56,2025-02-16 21:29:54
SCIENCELUXE,VIDEO,2025-02-15 19:08:39,2025-02-15 19:38:39
SCIENCELUXE,VIDEO,2025-02-15 18:36:46,2025-02-15 19:06:40
SCIENCELUXE,VIDEO,2025-02-14 15:04:10,2025-02-14 15:34:11
SCIENCELUXE,VIDEO,2025-02-14 14:18:32,2025-02-14 14:47:33
SCIENCELUXE,VIDEO,2025-02-14 14:09:15,2025-02-14 14:11:39
SCIENCELUXE,VIDEO,2025-02-14 13:57:50,2025-02-14 14:05:17
SCIELUXE,WEBSITE,2025-02-14 12:02:29,2025-02-14 12:32:29
SCIELUXE,WEBSITE,2025-02-14 11:32:24,2025-02-14 12:02:25
SCIELUXE,WEBSITE,2025-02-14 11:00:45,2025-02-14 11:30:41
SCIELUXE,WEBSITE,2025-02-14 00:02:46,2025-02-14 00:32:41
SCIELUXE,WEBSITE,2025-02-13 23:24:46,2025-02-13 23:54:41
SCIELUXE,WEBSITE,2025-02-13 22:54:46,2025-02-13 23:24:41
SCIELUXE,LEARNING,2025-02-13 22:18:27,2025-02-13 22:48:23
SCIENCELUXE,PROCESS,2025-02-13 15:07:16,2025-02-13 15:37:17
SCIELUXE,LEARNING,2025-02-13 14:47:26,2025-02-13 15:07:07
SCIELUXE,WEBSITE,2025-02-13 13:45:50,2025-02-13 14:15:44
SCIENCELUXE,VIDEO,2025-02-13 13:00:07,2025-02-13 13:30:08
SCIENCELUXE,VIDEO,2025-02-13 12:29:59,2025-02-13 12:59:56
SCIENCELUXE,VIDEO,2025-02-13 11:59:37,2025-02-13 12:29:31
SCIELUXE,WEBSITE,2025-02-12 17:50:09,2025-02-12 18:20:10
SCIENCELUXE,VIDEO,2025-02-12 15:38:07,2025-02-12 16:08:02
SCIENCELUXE,VIDEO,2025-02-11 23:13:18,2025-02-11 23:38:48
SCIENCELUXE,PROCESS,2025-02-11 12:13:23,2025-02-11 12:41:59
SCIENCELUXE,VIDEO,2025-02-11 11:34:09,2025-02-11 12:04:07
SCIELUXE,WEBSITE,2025-02-10 20:41:08,2025-02-10 21:11:03
SCIELUXE,WEBSITE,2025-02-10 16:07:07,2025-02-10 16:37:03
SCIELUXE,WEBSITE,2025-02-10 15:36:53,2025-02-10 16:06:48
SCIELUXE,WEBSITE,2025-02-10 14:53:12,2025-02-10 15:23:06
SCIELUXE,WEBSITE,2025-02-10 14:20:46,2025-02-10 14:50:40
SCIENCELUXE,VIDEO,2025-02-10 13:13:05,2025-02-10 13:43:03
SCIENCELUXE,VIDEO,2025-02-10 11:27:40,2025-02-10 11:57:37
SCIENCELUXE,VIDEO,2025-02-10 10:57:35,2025-02-10 11:27:32
SCIELUXE,WEBSITE,2025-02-09 23:38:25,2025-02-10 00:08:18
SCIELUXE,WEBSITE,2025-02-09 22:44:16,2025-02-09 23:14:11
SCIELUXE,WEBSITE,2025-02-09 22:11:45,2025-02-09 22:41:45
SCIENCELUXE,VIDEO,2025-02-09 19:54:27,2025-02-09 20:24:23
SCIENCELUXE,PROCESS,2025-02-09 19:22:13,2025-02-09 19:52:11
SCIENCELUXE,PROCESS,2025-02-09 18:42:08,2025-02-09 19:12:09
SCIELUXE,LEARNING,2025-02-09 13:50:11,2025-02-09 14:20:06
SCIELUXE,LEARNING,2025-02-09 13:20:12,2025-02-09 13:50:07
SCIENCELUXE,VIDEO,2025-02-09 11:57:56,2025-02-09 12:22:54
SCIENCELUXE,VIDEO,2025-02-09 11:27:31,2025-02-09 11:57:28
SCIENCELUXE,VIDEO,2025-02-08 21:01:50,2025-02-08 21:31:45
OTROS,ORGANIZACION,2025-02-08 18:33:36,2025-02-08 19:03:31
SCIELUXE,WEBSITE,2025-02-08 14:47:57,2025-02-08 14:52:54
SCIELUXE,WEBSITE,2025-02-08 13:42:22,2025-02-08 14:12:23
SCIENCELUXE,VIDEO,2025-02-07 16:02:38,2025-02-07 16:32:35
SCIELUXE,LEARNING,2025-02-07 14:58:45,2025-02-07 15:28:39
SCIELUXE,LEARNING,2025-02-07 14:06:18,2025-02-07 14:36:15
SCIELUXE,LEARNING,2025-02-07 13:24:34,2025-02-07 13:54:28
SCIENCELUXE,VIDEO,2025-02-06 22:00:45,2025-02-06 22:30:45
SCIENCELUXE,PROCESS,2025-02-06 16:33:29,2025-02-06 17:03:27
SCIENCELUXE,PROCESS,2025-02-06 12:25:55,2025-02-06 12:55:51
SCIENCELUXE,VIDEO,2025-02-05 22:14:44,2025-02-05 22:44:40
SCIENCELUXE,VIDEO,2025-02-05 21:45:05,2025-02-05 22:10:17
SCIENCELUXE,VIDEO,2025-02-04 22:39:45,2025-02-04 23:09:45
SCIENCELUXE,VIDEO,2025-02-04 21:58:45,2025-02-04 22:28:38
SCIENCELUXE,VIDEO,2025-02-04 21:28:09,2025-02-04 21:58:09
SCIELUXE,LEARNING,2025-02-04 18:32:45,2025-02-04 19:02:42
SCIELUXE,LEARNING,2025-02-04 16:49:28,2025-02-04 17:04:03
SCIELUXE,LEARNING,2025-02-04 15:53:46,2025-02-04 16:23:43
SCIELUXE,LEARNING,2025-02-04 15:20:26,2025-02-04 15:50:26
OTROS,ORGANIZACION,2025-02-04 10:44:34,2025-02-04 11:04:30
SCIELUXE,WEBSITE,2025-02-04 09:30:43,2025-02-04 10:00:21
SCIENCELUXE,VIDEO,2025-02-04 00:00:55,2025-02-04 00:30:50
SCIENCELUXE,VIDEO,2025-02-03 23:30:57,2025-02-04 00:00:50
SCIELUXE,WEBSITE,2025-02-03 22:09:44,2025-02-03 22:39:40
SCIELUXE,LEARNING,2025-02-03 13:40:11,2025-02-03 14:09:00
SCIENCELUXE,VIDEO,2025-02-02 21:11:37,2025-02-02 21:41:32
SCIENCELUXE,VIDEO,2025-02-02 20:36:25,2025-02-02 21:06:21
SCIENCELUXE,VIDEO,2025-02-02 19:45:37,2025-02-02 20:01:42
SCIENCELUXE,PROCESS,2025-02-02 19:02:55,2025-02-02 19:06:50
SCIENCELUXE,PROCESS,2025-02-02 18:36:17,2025-02-02 19:02:42
OTROS,ORGANIZACION,2025-02-02 12:40:07,2025-02-02 13:10:02
SCIENCELUXE,VIDEO,2025-02-01 20:46:18,2025-02-01 21:16:19
SCIENCELUXE,VIDEO,2025-02-01 20:08:02,2025-02-01 20:37:58
SCIELUXE,WEBSITE,2025-02-01 12:29:23,2025-02-01 12:59:19
SCIELUXE,WEBSITE,2025-01-31 14:57:45,2025-01-31 15:27:46
SCIELUXE,WEBSITE,2025-01-31 12:58:25,2025-01-31 13:26:00
SCIELUXE,WEBSITE,2025-01-31 12:27:16,2025-01-31 12:57:11
SCIELUXE,WEBSITE,2025-01-30 15:27:01,2025-01-30 15:57:00
SCIELUXE,WEBSITE,2025-01-30 14:46:56,2025-01-30 15:08:40
SCIELUXE,WEBSITE,2025-01-30 12:20:06,2025-01-30 12:50:01
SCIELUXE,LEARNING,2025-01-29 19:05:10,2025-01-29 19:35:05
SCIENCELUXE,VIDEO,2025-01-29 14:19:52,2025-01-29 14:49:47
SCIELUXE,WEBSITE,2025-01-29 12:08:58,2025-01-29 12:30:57
SCIELUXE,WEBSITE,2025-01-29 11:36:07,2025-01-29 12:00:02
SCIELUXE,WEBSITE,2025-01-29 11:06:08,2025-01-29 11:36:03
SCIENCELUXE,VIDEO,2025-01-28 22:52:59,2025-01-28 23:22:55
SCIENCELUXE,VIDEO,2025-01-28 22:09:34,2025-01-28 22:39:29
SCIENCELUXE,VIDEO,2025-01-28 21:38:08,2025-01-28 22:08:04
SCIELUXE,WEBSITE,2025-01-28 11:35:44,2025-01-28 11:55:45
SCIELUXE,WEBSITE,2025-01-27 22:43:33,2025-01-27 23:03:28
SCIENCELUXE,VIDEO,2025-01-27 17:47:43,2025-01-27 18:07:39
SCIELUXE,LEARNING,2025-01-27 16:49:15,2025-01-27 17:09:11
SCIELUXE,LEARNING,2025-01-27 16:29:09,2025-01-27 16:49:10
SCIELUXE,WEBSITE,2025-01-27 15:52:28,2025-01-27 16:12:24
SCIELUXE,WEBSITE,2025-01-27 15:32:14,2025-01-27 15:52:15
SCIELUXE,WEBSITE,2025-01-27 13:52:17,2025-01-27 14:12:14
SCIELUXE,WEBSITE,2025-01-27 12:35:24,2025-01-27 12:55:04
SCIELUXE,WEBSITE,2025-01-27 12:07:33,2025-01-27 12:27:27
OTROS,MMC,2025-01-27 11:48:11,2025-01-27 11:59:09
SCIENCELUXE,VIDEO,2025-01-27 11:26:53,2025-01-27 11:38:08
SCIENCELUXE,VIDEO,2025-01-27 11:00:35,2025-01-27 11:20:35
SCIENCELUXE,VIDEO,2025-01-27 10:40:25,2025-01-27 11:00:26
SCIENCELUXE,VIDEO,2025-01-27 10:20:25,2025-01-27 10:40:21
SCIENCELUXE,PROCESS,2025-01-27 09:56:32,2025-01-27 10:16:32
SCIENCELUXE,PROCESS,2025-01-27 09:27:44,2025-01-27 09:45:36
OTROS,ORGANIZACION,2025-01-26 21:48:18,2025-01-26 21:50:10
SCIELUXE,WEBSITE,2025-01-26 20:08:09,2025-01-26 20:25:08
SCIELUXE,WEBSITE,2025-01-26 19:38:41,2025-01-26 20:08:05
SCIENCELUXE,VIDEO,2025-01-26 15:55:24,2025-01-26 16:11:19
SCIENCELUXE,PROCESS,2025-01-26 15:20:06,2025-01-26 15:50:01
OTROS,ORGANIZACION,2025-01-26 13:55:48,2025-01-26 14:15:48
SCIELUXE,WEBSITE,2025-01-25 10:18:19,2025-01-25 10:48:14
SCIELUXE,WEBSITE,2025-01-25 09:48:29,2025-01-25 10:18:16
SCIELUXE,WEBSITE,2025-01-24 21:49:16,2025-01-24 22:19:11
SCIELUXE,WEBSITE,2025-01-24 21:19:12,2025-01-24 21:49:12
SCIENCELUXE,VIDEO,2025-01-24 20:41:09,2025-01-24 21:11:05
SCIENCELUXE,VIDEO,2025-01-24 19:38:27,2025-01-24 20:08:24
SCIENCELUXE,VIDEO,2025-01-24 19:08:29,2025-01-24 19:38:24
OTROS,MMC,2025-01-24 15:32:34,2025-01-24 15:49:10
OTROS,MMC,2025-01-24 14:56:47,2025-01-24 15:26:48
OTROS,MMC,2025-01-24 14:26:40,2025-01-24 14:56:41
SCIELUXE,WEBSITE,2025-01-24 13:25:36,2025-01-24 13:54:06
SCIELUXE,WEBSITE,2025-01-24 11:51:20,2025-01-24 12:21:15
OTROS,MMC,2025-01-24 11:23:30,2025-01-24 11:38:24
OTROS,MMC,2025-01-24 11:08:32,2025-01-24 11:23:27
OTROS,MMC,2025-01-24 10:53:27,2025-01-24 11:08:21
SCIENCELUXE,VIDEO,2025-01-21 00:16:39,2025-01-21 00:46:36
SCIENCELUXE,VIDEO,2025-01-20 23:46:41,2025-01-21 00:16:36
SCIENCELUXE,VIDEO,2025-01-20 23:16:43,2025-01-20 23:46:38
SCIENCELUXE,VIDEO,2025-01-20 22:09:05,2025-01-20 22:39:00
OTROS,MMC,2025-01-20 12:13:00,2025-01-20 12:41:59
OTROS,MMC,2025-01-20 11:43:01,2025-01-20 12:12:56
OTROS,MMC,2025-01-20 11:12:58,2025-01-20 11:42:57
SCIELUXE,LEARNING,2025-01-20 00:05:55,2025-01-20 00:35:53
SCIELUXE,LEARNING,2025-01-19 23:25:15,2025-01-19 23:55:15
SCIELUXE,LEARNING,2025-01-18 20:03:49,2025-01-18 20:33:44
SCIELUXE,LEARNING,2025-01-18 19:13:35,2025-01-18 19:43:36
SCIELUXE,LEARNING,2025-01-17 13:40:29,2025-01-17 14:10:26
SCIENCELUXE,VIDEO,2025-01-16 13:20:05,2025-01-16 13:49:51
SCIENCELUXE,VIDEO,2025-01-16 12:48:03,2025-01-16 13:17:57
SCIELUXE,WEBSITE,2025-01-15 12:50:51,2025-01-15 13:20:51
SCIELUXE,WEBSITE,2025-01-15 11:19:45,2025-01-15 11:46:02
SCIENCELUXE,VIDEO,2025-01-14 23:05:53,2025-01-14 23:35:53
SCIENCELUXE,VIDEO,2025-01-14 18:00:23,2025-01-14 18:30:24
OTROS,MMC,2025-01-14 13:56:22,2025-01-14 14:26:20
OTROS,MMC,2025-01-14 13:26:24,2025-01-14 13:56:19
OTROS,MMC,2025-01-14 12:55:15,2025-01-14 13:25:16
OTROS,MMC,2025-01-14 12:10:55,2025-01-14 12:40:53
OTROS,MMC,2025-01-14 12:09:20,2025-01-14 12:10:24
SCIENCELUXE,VIDEO,2025-01-13 19:34:51,2025-01-13 20:04:45
OTROS,MMC,2025-01-13 15:56:16,2025-01-13 16:26:13
OTROS,MMC,2025-01-13 15:26:08,2025-01-13 15:56:09
OTROS,MMC,2025-01-13 12:55:43,2025-01-13 13:25:41
OTROS,MMC,2025-01-13 12:25:44,2025-01-13 12:55:40
OTROS,MMC,2025-01-13 11:48:53,2025-01-13 12:12:16
SCIENCELUXE,VIDEO,2025-01-12 22:47:33,2025-01-12 23:17:34
SCIENCELUXE,VIDEO,2025-01-12 22:17:35,2025-01-12 22:47:31
SCIENCELUXE,VIDEO,2025-01-12 21:47:34,2025-01-12 22:17:32
SCIELUXE,LEARNING,2025-01-12 19:13:40,2025-01-12 19:43:35
OTROS,MMC,2025-01-12 17:11:18,2025-01-12 17:38:47
OTROS,MMC,2025-01-12 16:36:35,2025-01-12 17:06:35
OTROS,MMC,2025-01-12 12:44:27,2025-01-12 13:14:21
OTROS,MMC,2025-01-12 12:14:30,2025-01-12 12:44:24
SCIENCELUXE,VIDEO,2025-01-11 23:01:29,2025-01-11 23:31:25
SCIENCELUXE,VIDEO,2025-01-11 16:51:51,2025-01-11 17:21:51
SCIELUXE,WEBSITE,2025-01-11 13:46:45,2025-01-11 14:16:44
SCIELUXE,WEBSITE,2025-01-11 13:34:19,2025-01-11 13:38:49
SCIENCELUXE,VIDEO,2025-01-10 23:31:37,2025-01-10 23:51:32
SCIENCELUXE,VIDEO,2025-01-10 22:55:09,2025-01-10 23:25:04
SCIENCELUXE,VIDEO,2025-01-10 21:52:41,2025-01-10 22:22:36
SCIELUXE,WEBSITE,2025-01-10 20:36:19,2025-01-10 20:39:20
SCIELUXE,WEBSITE,2025-01-10 20:06:15,2025-01-10 20:36:13
SCIELUXE,WEBSITE,2025-01-10 19:36:10,2025-01-10 20:06:04
SCIELUXE,WEBSITE,2025-01-10 19:07:21,2025-01-10 19:36:07
SCIENCELUXE,PROCESS,2025-01-10 14:48:38,2025-01-10 14:56:10
SCIENCELUXE,PROCESS,2025-01-10 14:18:40,2025-01-10 14:48:35
SCIELUXE,WEBSITE,2025-01-10 13:12:39,2025-01-10 13:42:33
SCIELUXE,WEBSITE,2025-01-10 12:15:50,2025-01-10 12:45:46
SCIELUXE,WEBSITE,2025-01-10 11:45:48,2025-01-10 12:15:43
OTROS,ORGANIZACION,2025-01-09 22:47:28,2025-01-09 23:17:23
SCIELUXE,WEBSITE,2025-01-09 19:20:37,2025-01-09 19:50:32
SCIELUXE,WEBSITE,2025-01-09 18:50:38,2025-01-09 19:20:34
SCIENCELUXE,VIDEO,2025-01-09 17:35:06,2025-01-09 17:50:31
SCIENCELUXE,VIDEO,2025-01-09 17:08:21,2025-01-09 17:31:33
SCIENCELUXE,VIDEO,2025-01-09 16:38:23,2025-01-09 17:08:19
SCIENCELUXE,VIDEO,2025-01-09 16:08:17,2025-01-09 16:38:18
SCIENCELUXE,PROCESS,2025-01-09 15:31:34,2025-01-09 15:49:26
OTROS,MMC,2025-01-09 13:51:51,2025-01-09 14:21:50
OTROS,MMC,2025-01-09 13:10:40,2025-01-09 13:40:35
OTROS,MMC,2025-01-09 12:26:22,2025-01-09 12:56:23
OTROS,MMC,2025-01-08 13:21:05,2025-01-08 13:51:01
OTROS,MMC,2025-01-08 12:37:54,2025-01-08 13:07:54
OTROS,MMC,2025-01-08 12:07:53,2025-01-08 12:37:49
OTROS,MMC,2025-01-07 19:07:47,2025-01-07 19:30:09
OTROS,MMC,2025-01-07 18:18:55,2025-01-07 18:48:56
OTROS,MMC,2025-01-07 17:44:12,2025-01-07 18:14:13
OTROS,MMC,2025-01-07 17:10:38,2025-01-07 17:40:39
SCIENCELUXE,VIDEO,2025-01-07 13:15:43,2025-01-07 13:45:43
SCIENCELUXE,VIDEO,2025-01-07 12:45:44,2025-01-07 13:15:39
SCIENCELUXE,PROCESS,2025-01-07 12:14:13,2025-01-07 12:44:09
OTROS,MMC,2025-01-06 14:51:33,2025-01-06 15:17:44
OTROS,MMC,2025-01-06 14:02:58,2025-01-06 14:32:53
SCIENCELUXE,PROCESS,2025-01-06 12:02:37,2025-01-06 12:22:31
SCIENCELUXE,VIDEO,2025-01-05 22:43:12,2025-01-05 22:58:07
SCIENCELUXE,VIDEO,2025-01-05 21:57:51,2025-01-05 22:17:04
SCIENCELUXE,VIDEO,2025-01-05 21:13:53,2025-01-05 21:33:53
SCIENCELUXE,PROCESS,2025-01-05 20:52:17,2025-01-05 21:12:11
OTROS,MMC,2025-01-05 16:54:18,2025-01-05 17:14:16
OTROS,MMC,2025-01-05 15:30:27,2025-01-05 15:47:00
OTROS,MMC,2025-01-05 14:57:20,2025-01-05 15:27:15
SCIELUXE,LEARNING,2025-01-05 12:53:11,2025-01-05 13:18:49
SCIELUXE,WEBSITE,2025-01-05 12:04:13,2025-01-05 12:34:10
SCIENCELUXE,VIDEO,2025-01-04 23:12:12,2025-01-04 23:25:20
SCIENCELUXE,VIDEO,2025-01-04 22:01:03,2025-01-04 22:30:15
SCIENCELUXE,VIDEO,2025-01-04 21:38:41,2025-01-04 21:55:31
SCIENCELUXE,VIDEO,2025-01-04 20:59:09,2025-01-04 21:28:20
SCIELUXE,LEARNING,2025-01-04 20:58:55,2025-01-04 20:58:57
SCIELUXE,LEARNING,2025-01-04 12:33:09,2025-01-04 12:54:55
OTROS,MMC,2025-01-04 09:56:02,2025-01-04 10:26:02
SCIENCELUXE,VIDEO,2025-01-03 23:54:22,2025-01-04 00:24:20
SCIENCELUXE,VIDEO,2025-01-03 23:24:25,2025-01-03 23:54:20
SCIELUXE,WEBSITE,2025-01-03 14:04:29,2025-01-03 14:34:29
SCIELUXE,WEBSITE,2025-01-03 12:58:45,2025-01-03 13:27:13
OTROS,MMC,2025-01-02 13:14:05,2025-01-02 13:44:06
SCIELUXE,WEBSITE,2025-01-02 10:03:01,2025-01-02 10:32:58
SCIELUXE,WEBSITE,2025-01-02 09:19:21,2025-01-02 09:43:15
SCIELUXE,WEBSITE,2025-01-02 08:02:58,2025-01-02 08:32:24
SCIENCELUXE,VIDEO,2025-01-01 22:41:16,2025-01-01 23:04:42
SCIENCELUXE,VIDEO,2025-01-01 21:06:33,2025-01-01 21:36:17
SCIENCELUXE,VIDEO,2025-01-01 20:36:28,2025-01-01 21:06:28
SCIENCELUXE,VIDEO,2025-01-01 20:06:50,2025-01-01 20:36:25
SCIELUXE,WEBSITE,2025-01-01 15:15:38,2025-01-01 15:44:40
SCIELUXE,WEBSITE,2025-01-01 13:40:30,2025-01-01 14:10:25
SCIELUXE,WEBSITE,2024-12-31 13:22:28,2024-12-31 13:52:27
SCIENCELUXE,VIDEO,2024-12-31 01:26:58,2024-12-31 01:56:55
SCIENCELUXE,VIDEO,2024-12-31 00:54:38,2024-12-31 01:24:32
SCIENCELUXE,VIDEO,2024-12-30 23:23:03,2024-12-30 23:23:30
SCIELUXE,WEBSITE,2024-12-30 17:58:22,2024-12-30 18:18:17
SCIELUXE,WEBSITE,2024-12-30 15:31:33,2024-12-30 15:44:19
SCIELUXE,WEBSITE,2024-12-30 14:45:10,2024-12-30 15:15:11
OTROS,MMC,2024-12-30 14:40:39,2024-12-30 14:44:55
OTROS,MMC,2024-12-30 14:18:07,2024-12-30 14:29:56
OTROS,MMC,2024-12-30 13:45:05,2024-12-30 14:15:05
SCIENCELUXE,VIDEO,2024-12-29 23:16:15,2024-12-29 23:31:49
SCIENCELUXE,VIDEO,2024-12-29 22:46:17,2024-12-29 23:16:12
SCIENCELUXE,VIDEO,2024-12-29 22:16:16,2024-12-29 22:46:13
OTROS,MMC,2024-12-29 17:01:34,2024-12-29 17:31:35
OTROS,MMC,2024-12-29 16:26:16,2024-12-29 16:31:42
OTROS,MMC,2024-12-29 15:04:02,2024-12-29 15:34:03
SCIELUXE,WEBSITE,2024-12-29 11:32:24,2024-12-29 11:44:33
SCIELUXE,WEBSITE,2024-12-29 11:02:25,2024-12-29 11:32:21
SCIELUXE,WEBSITE,2024-12-29 10:32:26,2024-12-29 11:02:22
SCIELUXE,WEBSITE,2024-12-29 10:02:24,2024-12-29 10:32:18
SCIENCELUXE,VIDEO,2024-12-28 21:40:53,2024-12-28 22:03:34
SCIENCELUXE,VIDEO,2024-12-28 20:57:39,2024-12-28 21:27:35
SCIENCELUXE,VIDEO,2024-12-28 20:26:38,2024-12-28 20:56:33
SCIELUXE,WEBSITE,2024-12-28 18:08:46,2024-12-28 18:38:40
SCIELUXE,WEBSITE,2024-12-28 17:37:00,2024-12-28 18:06:49
SCIELUXE,WEBSITE,2024-12-28 17:13:01,2024-12-28 17:27:36
SCIELUXE,WEBSITE,2024-12-28 12:01:31,2024-12-28 12:31:27
SCIELUXE,WEBSITE,2024-12-28 11:31:32,2024-12-28 12:01:27
SCIELUXE,WEBSITE,2024-12-28 10:47:52,2024-12-28 11:17:46
SCIELUXE,WEBSITE,2024-12-28 10:25:35,2024-12-28 10:42:19
SCIENCELUXE,VIDEO,2024-12-27 22:45:58,2024-12-27 23:05:52
SCIENCELUXE,VIDEO,2024-12-27 22:24:27,2024-12-27 22:44:21
SCIENCELUXE,VIDEO,2024-12-27 22:01:16,2024-12-27 22:21:13
SCIENCELUXE,VIDEO SCRIPT,2024-12-27 21:43:50,2024-12-27 21:59:34
SCIELUXE,WEBSITE,2024-12-27 12:23:10,2024-12-27 12:53:10
SCIELUXE,WEBSITE,2024-12-27 11:26:21,2024-12-27 11:56:22
SCIELUXE,WEBSITE,2024-12-27 11:06:45,2024-12-27 11:21:54
SCIELUXE,WEBSITE,2024-12-27 10:19:16,2024-12-27 10:44:57
SCIELUXE,WEBSITE,2024-12-27 09:42:09,2024-12-27 09:46:08
SCIELUXE,WEBSITE,2024-12-27 09:15:15,2024-12-27 09:17:45
SCIELUXE,WEBSITE,2024-12-27 08:44:22,2024-12-27 09:14:06
SCIELUXE,WEBSITE,2024-12-27 08:06:03,2024-12-27 08:36:00
SCIENCELUXE,VIDEO,2024-12-26 19:48:58,2024-12-26 19:51:42
SCIENCELUXE,VIDEO,2024-12-26 19:19:01,2024-12-26 19:48:54
SCIENCELUXE,VIDEO,2024-12-26 18:48:27,2024-12-26 19:17:40
SCIENCELUXE,VIDEO SCRIPT,2024-12-26 18:17:30,2024-12-26 18:45:05
SCIELUXE,WEBSITE,2024-12-26 11:57:31,2024-12-26 12:03:13
SCIELUXE,WEBSITE,2024-12-26 11:26:48,2024-12-26 11:56:48
SCIELUXE,WEBSITE,2024-12-26 10:56:49,2024-12-26 11:26:45
SCIELUXE,WEBSITE,2024-12-26 10:26:52,2024-12-26 10:56:47
SCIELUXE,WEBSITE,2024-12-26 09:56:48,2024-12-26 10:26:47
SCIENCELUXE,VIDEO EDIT,2024-12-25 20:00:55,2024-12-25 20:08:51
SCIENCELUXE,VIDEO EDIT,2024-12-25 19:30:55,2024-12-25 20:00:51
SCIENCELUXE,VIDEO SCRIPT,2024-12-25 19:00:54,2024-12-25 19:30:49
OTROS,ORGANIZACION,2024-12-25 18:30:18,2024-12-25 18:56:42
SCIELUXE,WEBSITE,2024-12-25 12:37:37,2024-12-25 13:07:33
SCIELUXE,WEBSITE,2024-12-25 12:25:18,2024-12-25 12:28:27
SCIELUXE,WEBSITE,2024-12-25 11:54:24,2024-12-25 12:24:21
SCIELUXE,WEBSITE,2024-12-25 11:24:56,2024-12-25 11:54:18
SCIELUXE,WEBSITE,2024-12-25 10:51:37,2024-12-25 11:21:33
SCIENCELUXE,VIDEO,2024-12-24 22:04:31,2024-12-24 22:34:32
SCIENCELUXE,VIDEO,2024-12-24 21:32:47,2024-12-24 22:02:48
SCIENCELUXE,SCRIPT,2024-12-24 21:02:39,2024-12-24 21:32:35
SCIELUXE,WEBSITE,2024-12-24 16:29:30,2024-12-24 16:59:27
OTROS,ORGANIZACION,2024-12-24 15:27:07,2024-12-24 15:53:10
SCIELUXE,WEBSITE,2024-12-22 18:37:18,2024-12-22 19:07:19
SCIELUXE,WEBSITE,2024-12-22 18:07:20,2024-12-22 18:37:14
SCIENCELUXE,VIDEO,2024-12-22 13:25:39,2024-12-22 13:40:21
SCIENCELUXE,VIDEO,2024-12-22 12:52:44,2024-12-22 13:22:45
SCIENCELUXE,SCRIPT,2024-12-22 12:19:23,2024-12-22 12:39:16
SCIELUXE,WEBSITE,2024-12-21 18:52:23,2024-12-21 19:17:35
SCIELUXE,WEBSITE,2024-12-21 18:17:21,2024-12-21 18:46:35
SCIELUXE,WEBSITE,2024-12-21 17:47:20,2024-12-21 18:17:17
SCIENCELUXE,VIDEO EDIT,2024-12-21 16:15:54,2024-12-21 16:45:48
SCIENCELUXE,VIDEO EDIT,2024-12-21 15:41:54,2024-12-21 16:11:49
SCIENCELUXE,VIDEO EDIT,2024-12-21 15:09:00,2024-12-21 15:38:56
SCIENCELUXE,VIDEO EDIT,2024-12-21 14:24:10,2024-12-21 14:52:14
SCIELUXE,WEBSITE,2024-12-19 17:46:37,2024-12-19 18:16:37
SCIELUXE,WEBSITE,2024-12-19 16:59:49,2024-12-19 17:27:23
SCIELUXE,WEBSITE,2024-12-19 16:29:52,2024-12-19 16:59:46
SCIELUXE,WEBSITE,2024-12-19 15:57:24,2024-12-19 16:25:38
SCIENCELUXE,VIDEO EDIT,2024-12-17 14:50:38,2024-12-17 14:58:30
SCIENCELUXE,VIDEO EDIT,2024-12-17 14:30:31,2024-12-17 14:50:27
SCIENCELUXE,VIDEO EDIT,2024-12-16 16:47:36,2024-12-16 17:17:37
SCIENCELUXE,VIDEO EDIT,2024-12-16 16:05:43,2024-12-16 16:35:40
SCIENCELUXE,VIDEO EDIT,2024-12-16 13:32:19,2024-12-16 14:02:18
UNIVERSIDAD,INGLES,2024-12-16 11:47:12,2024-12-16 12:17:12
SCIENCELUXE,VIDEO,2024-12-15 22:22:55,2024-12-15 22:52:56
SCIENCELUXE,VIDEO,2024-12-15 22:05:26,2024-12-15 22:10:53
UNIVERSIDAD,INGLES,2024-12-15 20:39:37,2024-12-15 20:59:32
SCIENCELUXE,VIDEO,2024-12-15 15:52:59,2024-12-15 16:08:52
SCIENCELUXE,VIDEO,2024-12-15 15:31:32,2024-12-15 15:51:33
UNIVERSIDAD,INGLES,2024-12-14 11:19:57,2024-12-14 11:48:46
SCIELUXE,WEBSITE,2024-12-13 23:37:26,2024-12-13 23:38:58
OTROS,JAVIER PRADO,2024-12-13 22:50:57,2024-12-13 23:09:53
OTROS,JAVIER PRADO,2024-12-13 22:23:45,2024-12-13 22:43:39
OTROS,JAVIER PRADO,2024-12-13 18:56:40,2024-12-13 19:16:36
SCIELUXE,WEBSITE,2024-12-13 17:52:52,2024-12-13 18:22:53
UNIVERSIDAD,INGLES,2024-12-13 17:12:15,2024-12-13 17:32:10
UNIVERSIDAD,INGLES,2024-12-13 12:50:55,2024-12-13 13:10:48
UNIVERSIDAD,INGLES,2024-12-13 12:25:59,2024-12-13 12:45:53
UNIVERSIDAD,INGLES,2024-12-13 12:07:17,2024-12-13 12:25:56
UNIVERSIDAD,INGLES,2024-12-13 11:41:33,2024-12-13 12:01:27
UNIVERSIDAD,INGLES,2024-12-12 15:44:08,2024-12-12 16:04:02
UNIVERSIDAD,INGLES,2024-12-12 12:29:09,2024-12-12 12:46:42
UNIVERSIDAD,INGLES,2024-12-12 12:00:21,2024-12-12 12:20:21
UNIVERSIDAD,INGLES,2024-12-12 11:40:24,2024-12-12 12:00:18
SCIELUXE,LEARNING,2024-12-10 15:13:05,2024-12-10 15:31:55
SCIELUXE,LEARNING,2024-12-10 14:53:00,2024-12-10 15:13:01
SCIELUXE,LEARNING,2024-12-10 12:47:03,2024-12-10 13:17:03
SCIELUXE,LEARNING,2024-12-10 11:51:51,2024-12-10 12:17:14
OTROS,JAVIER PRADO,2024-12-09 12:50:11,2024-12-09 12:55:06
OTROS,JAVIER PRADO,2024-12-09 12:26:31,2024-12-09 12:46:31
UNIVERSIDAD,INGLES,2024-12-09 10:33:34,2024-12-09 10:53:28
UNIVERSIDAD,INGLES,2024-12-09 10:12:45,2024-12-09 10:32:40
SCIELUXE,LEARNING,2024-12-08 19:29:26,2024-12-08 19:56:10
SCIELUXE,WEBSITE,2024-12-08 15:44:13,2024-12-08 15:48:19
SCIELUXE,WEBSITE,2024-12-08 15:30:05,2024-12-08 15:41:51
UNIVERSIDAD,INGLES,2024-12-08 13:36:29,2024-12-08 13:40:41
UNIVERSIDAD,INGLES,2024-12-08 13:04:45,2024-12-08 13:34:41
UNIVERSIDAD,INGLES,2024-12-08 10:44:01,2024-12-08 11:13:55
UNIVERSIDAD,INGLES,2024-12-08 10:16:57,2024-12-08 10:36:53
SCIELUXE,WEBSITE,2024-12-07 12:20:25,2024-12-07 12:50:26
UNIVERSIDAD,INGLES,2024-12-06 22:44:46,2024-12-06 23:14:41
UNIVERSIDAD,INGLES,2024-12-06 20:07:55,2024-12-06 20:34:34
UNIVERSIDAD,INGLES,2024-12-06 19:05:47,2024-12-06 19:35:40
UNIVERSIDAD,INGLES,2024-12-06 18:35:47,2024-12-06 19:05:44
UNIVERSIDAD,INGLES,2024-12-06 13:22:06,2024-12-06 13:44:58
UNIVERSIDAD,TESIS,2024-12-06 12:47:47,2024-12-06 13:05:05
UNIVERSIDAD,TESIS,2024-12-06 12:17:47,2024-12-06 12:47:44
UNIVERSIDAD,TESIS,2024-12-06 11:38:02,2024-12-06 12:07:56
UNIVERSIDAD,TESIS,2024-12-05 21:45:14,2024-12-05 21:45:15
UNIVERSIDAD,TESIS,2024-12-05 15:22:53,2024-12-05 15:51:21
UNIVERSIDAD,TESIS,2024-12-05 14:03:57,2024-12-05 14:33:57
UNIVERSIDAD,TESIS,2024-12-05 13:32:08,2024-12-05 14:02:09
UNIVERSIDAD,TESIS,2024-12-05 12:27:45,2024-12-05 12:57:39
UNIVERSIDAD,TESIS,2024-12-05 11:57:42,2024-12-05 12:27:32
SCIELUXE,LEARNING,2024-12-04 16:38:30,2024-12-04 16:53:36
UNIVERSIDAD,INGLES,2024-12-04 15:41:34,2024-12-04 16:00:58
UNIVERSIDAD,INGLES,2024-12-04 12:41:31,2024-12-04 13:01:00
UNIVERSIDAD,TESIS,2024-12-03 18:59:10,2024-12-03 19:21:00
UNIVERSIDAD,INGLES,2024-12-03 15:31:48,2024-12-03 16:01:46
UNIVERSIDAD,INGLES,2024-12-03 13:50:34,2024-12-03 14:09:06
UNIVERSIDAD,TESIS,2024-12-03 13:19:30,2024-12-03 13:26:24
UNIVERSIDAD,TESIS,2024-12-03 01:40:08,2024-12-03 01:55:34
UNIVERSIDAD,TESIS,2024-12-03 00:56:38,2024-12-03 01:26:34
UNIVERSIDAD,TESIS,2024-12-03 00:16:07,2024-12-03 00:39:22
UNIVERSIDAD,TESIS,2024-12-02 23:24:57,2024-12-02 23:54:51
UNIVERSIDAD,INGLES,2024-12-02 15:31:21,2024-12-02 15:31:24
UNIVERSIDAD,INGLES,2024-12-02 15:01:26,2024-12-02 15:31:19
UNIVERSIDAD,INGLES,2024-12-02 14:23:42,2024-12-02 14:53:02
UNIVERSIDAD,INGLES,2024-12-02 12:25:55,2024-12-02 12:42:20
UNIVERSIDAD,INGLES,2024-12-02 11:41:58,2024-12-02 11:49:47
UNIVERSIDAD,INGLES,2024-12-02 11:09:45,2024-12-02 11:39:44
SCIELUXE,WEBSITE,2024-12-01 22:55:49,2024-12-01 23:06:06
SCIELUXE,WEBSITE,2024-12-01 20:16:32,2024-12-01 20:39:54
SCIELUXE,WEBSITE,2024-12-01 19:46:35,2024-12-01 20:16:29
SCIELUXE,WEBSITE,2024-12-01 10:32:51,2024-12-01 10:52:44
UNIVERSIDAD,DPB4,2024-11-30 14:08:48,2024-11-30 14:28:42
UNIVERSIDAD,DPB4,2024-11-30 13:38:17,2024-11-30 13:58:11
UNIVERSIDAD,DPB4,2024-11-30 00:46:11,2024-11-30 01:06:08
UNIVERSIDAD,DPB4,2024-11-30 00:26:12,2024-11-30 00:46:07
UNIVERSIDAD,TESIS,2024-11-29 21:18:53,2024-11-29 21:38:54
UNIVERSIDAD,TESIS,2024-11-29 20:29:20,2024-11-29 20:59:15
UNIVERSIDAD,INGLES,2024-11-29 18:53:46,2024-11-29 19:13:40
UNIVERSIDAD,TESIS,2024-11-29 17:25:00,2024-11-29 17:54:55
UNIVERSIDAD,TESIS,2024-11-29 16:44:01,2024-11-29 17:13:56
UNIVERSIDAD,TESIS,2024-11-29 16:07:14,2024-11-29 16:37:09
UNIVERSIDAD,INGLES,2024-11-29 14:55:36,2024-11-29 15:22:45
UNIVERSIDAD,TESIS,2024-11-29 14:14:54,2024-11-29 14:44:47
UNIVERSIDAD,TESIS,2024-11-29 13:44:53,2024-11-29 14:14:51
UNIVERSIDAD,TESIS,2024-11-29 13:36:01,2024-11-29 13:42:56
UNIVERSIDAD,TESIS,2024-11-29 13:05:31,2024-11-29 13:28:27
UNIVERSIDAD,TESIS,2024-11-29 12:35:35,2024-11-29 13:05:29
SCIELUXE,LEARNING,2024-11-28 19:30:34,2024-11-28 19:50:34
SCIELUXE,WEBSITE,2024-11-28 16:30:53,2024-11-28 16:34:29
SCIELUXE,WEBSITE,2024-11-28 16:10:56,2024-11-28 16:30:50
UNIVERSIDAD,INGLES,2024-11-28 15:49:51,2024-11-28 15:53:44
UNIVERSIDAD,INGLES,2024-11-28 15:22:01,2024-11-28 15:41:54
UNIVERSIDAD,INGLES,2024-11-28 14:32:51,2024-11-28 14:52:51
SCIELUXE,WEBSITE,2024-11-28 12:51:03,2024-11-28 13:02:21
UNIVERSIDAD,INGLES,2024-11-28 11:42:44,2024-11-28 12:01:56
UNIVERSIDAD,INGLES,2024-11-28 11:22:45,2024-11-28 11:42:39
UNIVERSIDAD,INGLES,2024-11-28 10:44:50,2024-11-28 11:04:44
UNIVERSIDAD,INGLES,2024-11-28 10:32:26,2024-11-28 10:32:31
SCIELUXE,WEBSITE,2024-11-28 10:01:07,2024-11-28 10:09:35
SCIELUXE,WEBSITE,2024-11-28 00:02:28,2024-11-28 00:32:10
UNIVERSIDAD,INGLES,2024-11-27 22:50:29,2024-11-27 23:20:26
UNIVERSIDAD,INGLES,2024-11-27 20:31:43,2024-11-27 21:01:44
UNIVERSIDAD,INGLES,2024-11-27 19:47:35,2024-11-27 20:17:32
SCIELUXE,WEBSITE,2024-11-27 07:41:31,2024-11-27 08:11:12
SCIELUXE,WEBSITE,2024-11-27 07:11:33,2024-11-27 07:41:28
SCIELUXE,LEARNING,2024-11-26 19:29:38,2024-11-26 19:58:51
SCIELUXE,LEARNING,2024-11-26 18:49:57,2024-11-26 19:19:57
SCIELUXE,LEARNING,2024-11-26 18:10:44,2024-11-26 18:40:40
SCIELUXE,WEBSITE,2024-11-26 11:50:01,2024-11-26 12:19:55
SCIELUXE,WEBSITE,2024-11-26 11:06:40,2024-11-26 11:36:40
SCIELUXE,WEBSITE,2024-11-26 10:31:56,2024-11-26 11:01:50
SCIELUXE,WEBSITE,2024-11-26 09:55:50,2024-11-26 10:25:44
UNIVERSIDAD,DPB4,2024-11-25 18:20:32,2024-11-25 18:50:27
UNIVERSIDAD,DPB4,2024-11-25 13:45:53,2024-11-25 14:11:43
UNIVERSIDAD,DPB4,2024-11-25 13:09:15,2024-11-25 13:37:24
SCIELUXE,WEBSITE,2024-11-25 10:00:59,2024-11-25 10:30:53
SCIELUXE,WEBSITE,2024-11-25 09:31:39,2024-11-25 09:48:08
SCIELUXE,WEBSITE,2024-11-25 09:01:42,2024-11-25 09:31:37
SCIELUXE,WEBSITE,2024-11-24 15:57:59,2024-11-24 16:28:00
SCIELUXE,WEBSITE,2024-11-24 11:59:33,2024-11-24 12:28:52
SCIELUXE,WEBSITE,2024-11-24 11:29:01,2024-11-24 11:36:45
SCIELUXE,WEBSITE,2024-11-24 10:58:57,2024-11-24 11:28:55
SCIELUXE,WEBSITE,2024-11-24 10:29:00,2024-11-24 10:58:55
SCIELUXE,WEBSITE,2024-11-23 19:05:29,2024-11-23 19:35:22
UNIVERSIDAD,DPB4,2024-11-21 18:09:49,2024-11-21 18:39:50
UNIVERSIDAD,DPB4,2024-11-21 17:39:31,2024-11-21 18:09:32
UNIVERSIDAD,DPB4,2024-11-21 17:11:27,2024-11-21 17:39:29
UNIVERSIDAD,DPB4,2024-11-21 11:49:48,2024-11-21 12:03:04
UNIVERSIDAD,DPB4,2024-11-21 11:09:01,2024-11-21 11:38:57
UNIVERSIDAD,DPB4,2024-11-21 10:04:09,2024-11-21 10:27:47
UNIVERSIDAD,DPB4,2024-11-21 10:04:00,2024-11-21 10:04:00
UNIVERSIDAD,DPB4,2024-11-20 14:38:17,2024-11-20 15:08:18
UNIVERSIDAD,DPB4,2024-11-20 13:16:09,2024-11-20 13:43:05
UNIVERSIDAD,DPB4,2024-11-20 12:46:07,2024-11-20 13:16:03
SCIELUXE,WEBSITE,2024-11-18 15:46:39,2024-11-18 16:06:40
SCIELUXE,WEBSITE,2024-11-18 14:50:16,2024-11-18 15:10:17
SCIELUXE,WEBSITE,2024-11-18 12:12:31,2024-11-18 12:21:20
SCIELUXE,WEBSITE,2024-11-18 11:11:24,2024-11-18 11:36:56
UNIVERSIDAD,DPB4,2024-11-17 20:52:56,2024-11-17 21:09:05
UNIVERSIDAD,DPB4,2024-11-17 20:22:59,2024-11-17 20:52:53
SCIELUXE,LEARNING,2024-11-17 18:35:59,2024-11-17 18:52:48
SCIELUXE,LEARNING,2024-11-17 17:44:54,2024-11-17 18:14:48
SCIELUXE,LEARNING,2024-11-17 17:14:57,2024-11-17 17:44:50
SCIELUXE,LEARNING,2024-11-17 16:52:08,2024-11-17 17:06:07
SCIELUXE,LEARNING,2024-11-17 16:22:10,2024-11-17 16:52:05
SCIELUXE,LEARNING,2024-11-17 15:53:03,2024-11-17 16:22:07
SCIELUXE,LEARNING,2024-11-16 20:49:48,2024-11-16 21:15:10
SCIELUXE,WEBSITE,2024-11-16 20:24:53,2024-11-16 20:40:53
SCIELUXE,WEBSITE,2024-11-16 18:27:06,2024-11-16 18:57:04
SCIELUXE,WEBSITE,2024-11-16 10:22:37,2024-11-16 10:46:16
SCIELUXE,WEBSITE,2024-11-16 09:42:20,2024-11-16 10:12:21
SCIELUXE,WEBSITE,2024-11-15 21:07:38,2024-11-15 21:36:28
SCIELUXE,WEBSITE,2024-11-15 14:08:04,2024-11-15 14:31:52
OTROS,JAVIER PRADO,2024-11-15 13:37:49,2024-11-15 14:07:43
OTROS,JAVIER PRADO,2024-11-15 13:06:11,2024-11-15 13:36:11
SCIELUXE,LEARNING,2024-11-15 12:36:32,2024-11-15 13:04:47
SCIELUXE,LEARNING,2024-11-15 11:49:17,2024-11-15 12:19:18
SCIELUXE,LEARNING,2024-11-15 11:19:55,2024-11-15 11:33:55
SCIELUXE,LEARNING,2024-11-15 10:48:38,2024-11-15 11:18:33
SCIELUXE,LEARNING,2024-11-14 12:31:59,2024-11-14 13:01:53
SCIELUXE,LEARNING,2024-11-14 11:20:52,2024-11-14 11:50:48
SCIELUXE,LEARNING,2024-11-13 23:32:23,2024-11-13 23:49:35
SCIELUXE,LEARNING,2024-11-13 23:04:10,2024-11-13 23:32:20
SCIELUXE,WEBSITE,2024-11-13 19:48:17,2024-11-13 20:04:39
SCIELUXE,WEBSITE,2024-11-13 19:01:07,2024-11-13 19:31:00
OTROS,JAVIER PRADO,2024-11-13 17:51:24,2024-11-13 17:58:13
OTROS,JAVIER PRADO,2024-11-13 17:21:19,2024-11-13 17:51:19
OTROS,JAVIER PRADO,2024-11-13 17:21:14,2024-11-13 17:21:14
SCIELUXE,WEBSITE,2024-11-13 16:50:38,2024-11-13 17:20:32
SCIELUXE,WEBSITE,2024-11-13 14:54:09,2024-11-13 15:12:47
SCIELUXE,WEBSITE,2024-11-13 14:10:59,2024-11-13 14:16:03
SCIELUXE,WEBSITE,2024-11-13 13:32:07,2024-11-13 14:02:05
SCIELUXE,WEBSITE,2024-11-13 13:02:07,2024-11-13 13:32:04
SCIELUXE,WEBSITE,2024-11-13 12:32:03,2024-11-13 13:02:00
SCIELUXE,WEBSITE,2024-11-13 12:01:58,2024-11-13 12:31:58
OTROS,JAVIER PRADO,2024-11-13 10:27:50,2024-11-13 10:45:26
OTROS,JAVIER PRADO,2024-11-13 09:57:48,2024-11-13 10:27:46
SCIELUXE,WEBSITE,2024-11-13 09:55:29,2024-11-13 09:57:12
SCIELUXE,WEBSITE,2024-11-12 21:35:59,2024-11-12 22:05:55
SCIELUXE,WEBSITE,2024-11-12 21:05:57,2024-11-12 21:35:52
SCIELUXE,LEARNING,2024-11-12 19:16:51,2024-11-12 19:45:26
SCIELUXE,WEBSITE,2024-11-12 10:43:01,2024-11-12 11:10:09
SCIELUXE,WEBSITE,2024-11-12 08:49:15,2024-11-12 09:04:19
SCIELUXE,WEBSITE,2024-11-12 08:19:18,2024-11-12 08:49:12
SCIELUXE,WEBSITE,2024-11-11 14:27:10,2024-11-11 14:56:12
SCIELUXE,WEBSITE,2024-11-11 13:56:03,2024-11-11 14:25:59
SCIELUXE,LEARNING,2024-11-11 12:26:35,2024-11-11 12:56:29
SCIELUXE,LEARNING,2024-11-11 12:03:51,2024-11-11 12:15:17
SCIELUXE,LEARNING,2024-11-11 11:19:25,2024-11-11 11:39:20
SCIELUXE,LEARNING,2024-11-11 10:49:24,2024-11-11 11:19:22
SCIELUXE,LEARNING,2024-11-11 10:20:01,2024-11-11 10:34:55
SCIELUXE,LEARNING,2024-11-11 10:00:46,2024-11-11 10:15:14
SCIELUXE,LEARNING,2024-11-10 22:30:15,2024-11-10 22:44:32
SCIELUXE,LEARNING,2024-11-10 21:52:15,2024-11-10 21:59:32
SCIELUXE,LEARNING,2024-11-10 20:58:37,2024-11-10 21:28:31
SCIELUXE,LEARNING,2024-11-10 20:26:52,2024-11-10 20:37:45
SCIELUXE,LEARNING,2024-11-10 19:57:15,2024-11-10 20:26:31
SCIELUXE,LEARNING,2024-11-10 16:49:42,2024-11-10 17:19:37
SCIELUXE,LEARNING,2024-11-10 16:08:54,2024-11-10 16:26:45
SCIELUXE,WEBSITE,2024-11-09 22:40:22,2024-11-09 23:10:16
SCIELUXE,WEBSITE,2024-11-09 22:19:40,2024-11-09 22:36:17
SCIELUXE,WEBSITE,2024-11-09 21:34:52,2024-11-09 22:04:46
SCIELUXE,WEBSITE,2024-11-09 20:29:48,2024-11-09 20:40:31
SCIELUXE,LEARNING,2024-11-09 19:55:52,2024-11-09 20:25:46
SCIELUXE,LEARNING,2024-11-09 14:49:52,2024-11-09 15:19:52
SCIELUXE,LEARNING,2024-11-09 14:19:55,2024-11-09 14:49:48
SCIELUXE,WEBSITE,2024-11-09 13:26:07,2024-11-09 13:56:04
SCIELUXE,WEBSITE,2024-11-09 12:56:10,2024-11-09 13:26:05
SCIELUXE,LEARNING,2024-11-09 11:57:33,2024-11-09 12:26:52
UNIVERSIDAD,TESIS,2024-11-08 19:31:10,2024-11-08 19:51:10
SCIELUXE,WEBSITE,2024-11-08 17:26:56,2024-11-08 17:46:57
SCIELUXE,WEBSITE,2024-11-08 16:23:22,2024-11-08 16:43:01
SCIELUXE,WEBSITE,2024-11-08 15:46:55,2024-11-08 16:05:51
SCIELUXE,WEBSITE,2024-11-08 15:26:58,2024-11-08 15:46:53
SCIELUXE,WEBSITE,2024-11-08 13:40:24,2024-11-08 13:55:06
SCIELUXE,WEBSITE,2024-11-08 13:13:42,2024-11-08 13:33:43
SCIELUXE,WEBSITE,2024-11-08 12:49:34,2024-11-08 12:59:59
SCIELUXE,WEBSITE,2024-11-08 12:24:54,2024-11-08 12:44:54
SCIELUXE,WEBSITE,2024-11-08 12:01:47,2024-11-08 12:21:47
SCIELUXE,WEBSITE,2024-11-07 21:16:36,2024-11-07 21:36:29
SCIELUXE,WEBSITE,2024-11-07 20:57:34,2024-11-07 21:16:33
UNIVERSIDAD,TESIS,2024-11-07 15:01:21,2024-11-07 15:21:16
UNIVERSIDAD,TESIS,2024-11-07 14:41:23,2024-11-07 15:01:19
UNIVERSIDAD,TESIS,2024-11-07 14:21:25,2024-11-07 14:41:20
UNIVERSIDAD,TESIS,2024-11-07 14:01:27,2024-11-07 14:21:21
SCIELUXE,LEARNING,2024-11-07 10:36:39,2024-11-07 10:55:40
SCIELUXE,LEARNING,2024-11-07 10:17:48,2024-11-07 10:36:35
SCIELUXE,LEARNING,2024-11-07 09:52:57,2024-11-07 10:11:24
SCIELUXE,LEARNING,2024-11-06 23:14:18,2024-11-06 23:34:13
SCIELUXE,LEARNING,2024-11-06 22:56:01,2024-11-06 23:14:15
SCIELUXE,LEARNING,2024-11-06 20:10:50,2024-11-06 20:29:12
SCIELUXE,WEBSITE,2024-11-06 13:36:59,2024-11-06 13:54:26
SCIELUXE,WEBSITE,2024-11-06 13:06:46,2024-11-06 13:36:47
SCIELUXE,WEBSITE,2024-11-06 12:36:55,2024-11-06 13:06:44
SCIELUXE,WEBSITE,2024-11-06 12:01:55,2024-11-06 12:31:56
SCIELUXE,LEARNING,2024-11-05 21:38:49,2024-11-05 21:58:44
SCIELUXE,LEARNING,2024-11-05 21:16:34,2024-11-05 21:34:41
SCIELUXE,LEARNING,2024-11-05 20:56:29,2024-11-05 21:16:29
SCIELUXE,LEARNING,2024-11-05 20:36:31,2024-11-05 20:56:24
SCIELUXE,LEARNING,2024-11-05 20:16:33,2024-11-05 20:36:27
UNIVERSIDAD,DPB4,2024-11-04 14:46:15,2024-11-04 15:16:11
SCIELUXE,LEARNING,2024-11-04 12:37:49,2024-11-04 12:37:49
SCIELUXE,LEARNING,2024-11-04 12:22:52,2024-11-04 12:37:46
SCIELUXE,LEARNING,2024-11-04 12:07:50,2024-11-04 12:22:49
SCIELUXE,LEARNING,2024-11-04 11:45:48,2024-11-04 12:05:48
SCIELUXE,LEARNING,2024-11-04 00:48:30,2024-11-04 01:02:08
SCIELUXE,LEARNING,2024-11-04 00:18:32,2024-11-04 00:48:27
SCIELUXE,LEARNING,2024-11-03 22:52:54,2024-11-03 23:22:50
SCIELUXE,LEARNING,2024-11-03 22:09:11,2024-11-03 22:35:22
SCIELUXE,LEARNING,2024-11-03 21:45:31,2024-11-03 21:48:09
SCIELUXE,LEARNING,2024-11-03 21:18:52,2024-11-03 21:45:29
SCIELUXE,LEARNING,2024-11-03 20:48:55,2024-11-03 21:18:49
SCIELUXE,LEARNING,2024-11-03 16:46:44,2024-11-03 16:58:51
SCIELUXE,LEARNING,2024-11-03 12:00:20,2024-11-03 12:30:14
SCIELUXE,LEARNING,2024-11-03 11:40:45,2024-11-03 11:57:38
SCIELUXE,LEARNING,2024-11-02 21:08:55,2024-11-02 21:38:49
SCIELUXE,WEBSITE,2024-11-02 20:45:18,2024-11-02 20:50:55
SCIELUXE,WEBSITE,2024-11-02 14:36:43,2024-11-02 15:02:34
SCIELUXE,WEBSITE,2024-11-02 13:58:03,2024-11-02 14:27:57
SCIELUXE,WEBSITE,2024-11-01 20:09:39,2024-11-01 20:29:32
SCIELUXE,WEBSITE,2024-11-01 19:49:34,2024-11-01 20:09:34
SCIELUXE,WEBSITE,2024-11-01 19:33:22,2024-11-01 19:46:58
SCIELUXE,WEBSITE,2024-10-31 12:22:10,2024-10-31 12:38:39
SCIELUXE,WEBSITE,2024-10-31 12:02:46,2024-10-31 12:22:07
SCIELUXE,WEBSITE,2024-10-31 11:05:10,2024-10-31 11:26:24
SCIELUXE,WEBSITE,2024-10-31 10:35:11,2024-10-31 11:05:07
SCIELUXE,WEBSITE,2024-10-31 10:05:15,2024-10-31 10:35:09
SCIELUXE,WEBSITE,2024-10-29 16:02:38,2024-10-29 16:31:25
UNIVERSIDAD,TESIS,2024-10-29 14:16:15,2024-10-29 14:41:37
SCIELUXE,WEBSITE,2024-10-29 12:27:22,2024-10-29 12:57:18
SCIELUXE,WEBSITE,2024-10-29 11:58:14,2024-10-29 12:27:19
SCIELUXE,WEBSITE,2024-10-29 11:22:28,2024-10-29 11:52:23
SCIELUXE,WEBSITE,2024-10-29 10:52:29,2024-10-29 11:22:23
SCIELUXE,LEARNING,2024-10-28 17:35:21,2024-10-28 18:00:03
SCIELUXE,LEARNING,2024-10-28 17:02:46,2024-10-28 17:32:43
SCIELUXE,LEARNING,2024-10-28 16:32:50,2024-10-28 17:02:44
SCIELUXE,LEARNING,2024-10-28 15:29:41,2024-10-28 15:47:03
SCIELUXE,LEARNING,2024-10-28 14:01:32,2024-10-28 14:31:26
SCIELUXE,LEARNING,2024-10-28 13:23:41,2024-10-28 13:53:35
UNIVERSIDAD,DPB4,2024-10-28 12:44:10,2024-10-28 13:14:09
SCIELUXE,LEARNING,2024-10-28 00:55:45,2024-10-28 01:15:44
SCIELUXE,LEARNING,2024-10-28 00:29:51,2024-10-28 00:49:45
SCIELUXE,LEARNING,2024-10-28 00:09:54,2024-10-28 00:29:48
SCIELUXE,LEARNING,2024-10-27 23:46:13,2024-10-28 00:06:07
SCIELUXE,LEARNING,2024-10-27 23:26:16,2024-10-27 23:46:10
UNIVERSIDAD,TESIS,2024-10-27 23:26:07,2024-10-27 23:26:08
SCIELUXE,WEBSITE,2024-10-27 16:53:56,2024-10-27 17:06:44
SCIELUXE,WEBSITE,2024-10-27 16:23:58,2024-10-27 16:53:53
SCIELUXE,WEBSITE,2024-10-27 15:33:18,2024-10-27 16:03:12
SCIELUXE,WEBSITE,2024-10-27 11:09:15,2024-10-27 11:39:14
SCIELUXE,WEBSITE,2024-10-26 22:12:53,2024-10-26 22:42:22
SCIELUXE,WEBSITE,2024-10-26 21:42:55,2024-10-26 22:12:50
SCIELUXE,WEBSITE,2024-10-26 11:05:21,2024-10-26 11:32:05
SCIELUXE,WEBSITE,2024-10-25 12:08:40,2024-10-25 12:38:40
SCIELUXE,WEBSITE,2024-10-25 11:38:34,2024-10-25 12:08:35
SCIELUXE,WEBSITE,2024-10-25 11:11:05,2024-10-25 11:38:32
SCIELUXE,WEBSITE,2024-10-25 10:40:33,2024-10-25 11:10:27
SCIELUXE,WEBSITE,2024-10-24 22:40:58,2024-10-24 22:47:30
SCIELUXE,WEBSITE,2024-10-24 22:10:59,2024-10-24 22:40:55
SCIELUXE,WEBSITE,2024-10-24 18:33:09,2024-10-24 19:03:09
SCIELUXE,WEBSITE,2024-10-24 14:09:07,2024-10-24 14:39:01
SCIELUXE,WEBSITE,2024-10-24 13:28:40,2024-10-24 13:28:42
SCIELUXE,WEBSITE,2024-10-24 12:58:45,2024-10-24 13:28:39
SCIELUXE,WEBSITE,2024-10-24 12:28:44,2024-10-24 12:58:42
SCIELUXE,WEBSITE,2024-10-24 11:17:09,2024-10-24 11:47:09
SCIELUXE,LEARNING,2024-10-24 10:57:08,2024-10-24 11:17:02
SCIELUXE,LEARNING,2024-10-24 10:36:58,2024-10-24 10:56:59
SCIELUXE,LEARNING,2024-10-23 14:15:51,2024-10-23 14:35:47
SCIELUXE,LEARNING,2024-10-23 13:55:39,2024-10-23 14:15:35
SCIELUXE,LEARNING,2024-10-23 13:35:41,2024-10-23 13:55:37
SCIELUXE,LEARNING,2024-10-23 13:16:17,2024-10-23 13:35:39
SCIELUXE,LEARNING,2024-10-23 12:01:31,2024-10-23 12:21:32
SCIELUXE,LEARNING,2024-10-23 11:41:36,2024-10-23 12:01:29
SCIELUXE,LEARNING,2024-10-23 11:21:37,2024-10-23 11:41:33
SCIELUXE,LEARNING,2024-10-23 11:02:28,2024-10-23 11:02:52
SCIELUXE,LEARNING,2024-10-23 10:42:29,2024-10-23 11:02:25
SCIELUXE,WEBSITE,2024-10-22 18:58:00,2024-10-22 19:17:54
SCIELUXE,WEBSITE,2024-10-22 18:17:13,2024-10-22 18:35:29
SCIELUXE,WEBSITE,2024-10-22 17:47:16,2024-10-22 18:17:10
SCIELUXE,WEBSITE,2024-10-22 12:42:27,2024-10-22 13:12:26
SCIELUXE,WEBSITE,2024-10-22 12:12:29,2024-10-22 12:42:24
SCIELUXE,WEBSITE,2024-10-22 11:42:27,2024-10-22 12:12:22
UNIVERSIDAD,DPB4,2024-10-21 17:08:54,2024-10-21 17:38:55
UNIVERSIDAD,DPB4,2024-10-21 16:26:04,2024-10-21 16:49:36
UNIVERSIDAD,DPB4,2024-10-21 16:01:49,2024-10-21 16:15:29
UNIVERSIDAD,DPB4,2024-10-21 15:31:50,2024-10-21 16:01:45
SCIENCELUXE,PROCESS,2024-10-21 14:29:12,2024-10-21 14:59:12
SCIENCELUXE,PROCESS,2024-10-21 13:55:26,2024-10-21 14:25:23
SCIENCELUXE,PROCESS,2024-10-21 13:15:21,2024-10-21 13:45:15
SCIELUXE,WEBSITE,2024-10-21 11:45:56,2024-10-21 12:15:56
SCIELUXE,WEBSITE,2024-10-21 11:12:59,2024-10-21 11:42:59
SCIELUXE,WEBSITE,2024-10-21 10:43:03,2024-10-21 11:00:31
SCIELUXE,WEBSITE,2024-10-20 21:50:29,2024-10-20 22:20:26
SCIENCELUXE,PROCESS,2024-10-20 21:03:50,2024-10-20 21:07:21
SCIELUXE,WEBSITE,2024-10-20 20:04:30,2024-10-20 20:21:38
SCIELUXE,WEBSITE,2024-10-20 14:44:48,2024-10-20 15:04:45
SCIELUXE,WEBSITE,2024-10-20 13:38:20,2024-10-20 13:58:13
SCIELUXE,WEBSITE,2024-10-20 13:13:04,2024-10-20 13:32:59
SCIELUXE,WEBSITE,2024-10-20 12:53:07,2024-10-20 13:13:01
SCIELUXE,LEARNING,2024-10-19 19:55:23,2024-10-19 20:15:18
SCIELUXE,WEBSITE,2024-10-19 19:11:52,2024-10-19 19:19:40
SCIELUXE,WEBSITE,2024-10-19 18:44:43,2024-10-19 18:57:41
SCIELUXE,WEBSITE,2024-10-19 15:45:14,2024-10-19 16:05:09
SCIELUXE,WEBSITE,2024-10-19 14:46:43,2024-10-19 15:06:37
SCIELUXE,WEBSITE,2024-10-19 14:26:47,2024-10-19 14:46:40
SCIELUXE,WEBSITE,2024-10-19 13:31:15,2024-10-19 13:51:15
SCIELUXE,WEBSITE,2024-10-18 22:52:18,2024-10-18 23:12:14
SCIELUXE,WEBSITE,2024-10-18 22:03:51,2024-10-18 22:23:51
SCIENCELUXE,PROCESS,2024-10-18 20:33:56,2024-10-18 20:53:50
SCIENCELUXE,PROCESS,2024-10-18 19:51:09,2024-10-18 20:10:49
SCIENCELUXE,PROCESS,2024-10-18 19:31:04,2024-10-18 19:51:04
SCIENCELUXE,PROCESS,2024-10-18 18:29:00,2024-10-18 18:32:16
SCIENCELUXE,PROCESS,2024-10-18 18:09:02,2024-10-18 18:28:56
SCIENCELUXE,PROCESS,2024-10-18 17:49:06,2024-10-18 18:09:00
SCIELUXE,WEBSITE,2024-10-18 15:23:47,2024-10-18 15:43:42
SCIELUXE,WEBSITE,2024-10-18 14:57:03,2024-10-18 15:16:58
SCIELUXE,WEBSITE,2024-10-18 14:09:31,2024-10-18 14:29:31
SCIENCELUXE,PROCESS,2024-10-18 12:38:08,2024-10-18 13:08:08
SCIENCELUXE,PROCESS,2024-10-18 11:32:06,2024-10-18 12:02:07
SCIENCELUXE,PROCESS,2024-10-18 11:12:03,2024-10-18 11:31:57
SCIENCELUXE,PROCESS,2024-10-18 10:51:58,2024-10-18 11:11:55
SCIENCELUXE,PROCESS,2024-10-18 00:44:34,2024-10-18 01:04:32
SCIENCELUXE,PROCESS,2024-10-18 00:24:31,2024-10-18 00:44:27
SCIENCELUXE,PROCESS,2024-10-18 00:04:33,2024-10-18 00:24:28
SCIENCELUXE,PROCESS,2024-10-17 23:44:34,2024-10-18 00:04:30
SCIENCELUXE,PROCESS,2024-10-17 23:24:34,2024-10-17 23:44:29
SCIENCELUXE,PROCESS,2024-10-17 23:02:48,2024-10-17 23:22:49
SCIENCELUXE,PROCESS,2024-10-17 22:42:42,2024-10-17 23:02:42
SCIENCELUXE,PROCESS,2024-10-17 16:06:08,2024-10-17 16:11:32
SCIENCELUXE,PROCESS,2024-10-17 15:35:56,2024-10-17 16:05:56
SCIENCELUXE,PROCESS,2024-10-17 14:48:43,2024-10-17 15:16:32
SCIENCELUXE,PROCESS,2024-10-17 14:18:34,2024-10-17 14:48:13
SCIELUXE,WEBSITE,2024-10-17 13:00:07,2024-10-17 13:20:07
SCIENCELUXE,PROCESS,2024-10-17 12:29:20,2024-10-17 12:49:21
SCIENCELUXE,PROCESS,2024-10-17 12:01:12,2024-10-17 12:21:13
SCIENCELUXE,PROCESS,2024-10-17 11:30:13,2024-10-17 11:40:42
SCIELUXE,WEBSITE,2024-10-17 01:40:34,2024-10-17 02:00:34
SCIELUXE,WEBSITE,2024-10-17 01:34:57,2024-10-17 01:35:57
SCIELUXE,WEBSITE,2024-10-17 01:25:10,2024-10-17 01:26:10
